Date,E02004140,E02004193,E02004204,E02004192,E02004160,E02004151,E02004189,E02004196,E02004233,E02004138,E02004158,E02004155,E02004168,E02004149,E02004218,E02004148,E02004156,E02004144,E02004163,E02004159,E02004180,E02004133,E02004165,E02004167,E02004227,E02004209,E02004211,E02004201,E02004213,E02004202,E02004206,E02004187,E02004181,E02004166,E02004234,E02004170,E02004161,E02004162,E02004230,E02004177,E02004215,E02004197,E02004184,E02004191,E02004205,E02004154,E02004216,E02004153,E02004129,E02004203,E02004226,E02004169,E02004134,E02004208,E02004171,E02004194,E02004142,E02004220,E02004188,E02004152,E02004157,E02004198,E02004179,E02004235,E02004141,E02004150,E02004210,E02004183,E02004145,E02004199,E02004186,E02004231,E02004182,E02004173,E02004172,E02004136,E02004214,E02004147,E02004175,E02004176,E02004207,E02004221,E02004190,E02004132,E02004229,E02004146,E02004174,E02004164,E02004135,E02004143,E02004139,E02004223,E02004222,E02004219,E02004131,E02004130,E02004178,E02004200,E02004224,E02004195,E02004137,E02004217,E02004185,E02004212,E02004228,E02004225,E02004232
2020-03-22,145.0453570980426,165.92403709569072,79.07154709933994,28.27448997985919,62.57672953032986,32.95106064813049,29.81486261627487,28.27448998619123,39.62523067274806,18.65706539446717,19.325783651975982,27.415529861068503,27.63258930735899,1.9017301189540379,2.2518620608228024,0.0,1.8014892040833859,3.152606887904874,1.351117212520523,0.0,0.0,0.0,0.0,0.6406466203069521,0.0,0.0,0.0,0.0,0.0,0.0,0.0,0.0,0.0,0.0,0.0,0.0,0.0,0.0,0.0,0.0,0.0,0.0,0.0,0.0,0.0,0.0,0.0,0.0,0.0,0.0,0.0,0.16850128023699706,0.0,0.0,0.0,0.0,0.0,2.6481744167556e-07,2.647388703487244e-07,0.0,0.0,0.0,0.0,0.0,0.0,0.0,0.0,0.0,0.0,0.0,0.0,0.0,0.0,0.0,0.0,0.0,0.0,0.0,0.0,0.0,0.0,0.0,0.0,0.0,0.0,7.120597168389054e-10,0.0,0.0,0.0,0.0,0.0,0.0,0.0,0.0,0.0,0.0,1.829604100536425e-09,1.3622397132664775e-09,8.794093556321805e-10,0.0,8.186798648959005e-10,9.428895005328843e-10,1.3181575613079833e-09,1.121486471841137e-09,2.0970908368573835e-09,5.400663972582991e-10,3.13467176586245e-10
2020-03-29,123.64367598260667,107.78314288593356,28.274490006245685,40.87250828469903,122.966188408074,62.713099950072035,60.56442912287024,40.872508275200055,76.1805402050953,69.70222227489703,48.775654480168704,85.79582174752814,38.20324573215321,43.4524978705365,32.30083067909363,34.4868420150692,25.84066492359583,45.221162920292976,19.38049839705887,32.288417543391894,70.16827910236645,40.452337717137695,30.644557362642303,15.586633398316046,34.183536272341236,12.267894223712641,0.0,6.162316696811813,11.51303014140703,6.162316695228677,10.043571159806724,0.0,6.1623167042197,7.130309372595171,13.052238067214224,2.532935431506733,14.378738910249886,0.0,0.0,0.0,0.0,0.0,0.0,0.0,0.0,0.0,0.0,0.0,0.0,0.0,0.0,0.0,0.0,0.0,0.0,0.0,0.0,0.0,0.0,6.124178884469988e-07,1.0058275416531754e-07,1.2343068353133075e-08,1.4701707068374093e-08,7.990523720350397e-09,6.106594940910084e-09,1.3095082471444144e-07,2.0168363118021533e-08,0.0,0.0,9.44205922104691e-10,0.0,0.0,0.0,0.0,0.0,0.0,0.0,0.0,0.0,0.0,0.0,0.0,0.0,0.0,0.0,0.0,0.0,0.0,0.0,0.0,0.0,0.0,0.0,0.0,0.0,0.0,0.0,0.0,0.0,0.0,0.0,0.0,0.0,0.0,0.0,4.927240455398321e-10,7.005215683348658e-10
2020-04-05,62.09637355778857,57.14374064449026,1.8014897625800599,25.840664548575344,117.08233922163822,60.70360662563319,64.7839277576691,25.840664516122036,75.91953534371329,100.33622549490188,62.04293621035532,106.603863405503,22.774206762870698,71.2875459760538,50.896798536356854,83.06087014868707,40.71744060608424,71.25551789075057,30.53807916355172,66.99884576897774,140.49599951137614,83.74325841247541,58.29116546787899,25.67499189628569,116.88789614137882,45.7596820645713,26.40949410775993,19.687040742435627,53.217159327403586,19.68704075072607,58.354137008200475,19.831136521766062,19.6870407172423,24.48564200523145,45.96044416141424,15.28115040059019,45.936428264416904,6.417622077607514,8.514134201307515,7.1345667724573545,8.514134218280967,6.385600688775218,8.514134203251132,8.554160889520983,6.385600636022442,0.0320216754590982,0.024016034482955553,0.0,0.024015972838899828,0.0,0.03202129886970653,0.0,0.0,4.0381373958106574e-07,0.0,0.0,0.0,0.0,0.0,2.5352538600234226e-06,3.1696148548641623e-07,5.2598386135224445e-08,8.532908929852774e-08,5.658280621862478e-08,4.4539328150221205e-08,6.510338229915452e-07,1.1207715264502654e-07,1.096326430133947e-08,3.506528109937539e-08,2.141863269529315e-08,2.1468902907467163e-09,2.0155312050363336e-08,1.9772536901661472e-08,3.7656133994261795e-08,1.7510576151788272e-08,1.627118203536229e-08,2.390881938340023e-08,0.0,6.039578975424187e-08,3.4990934152554853e-08,3.773306961229977e-08,2.7855699725917868e-08,3.0227686469837526e-08,3.584420884450828e-08,1.0434867183393377e-09,0.0,0.0,0.0,0.0,0.0,0.0,0.0,0.0,0.0,0.0,0.0,0.0,0.0,0.0,0.0,0.0,0.0,0.0,0.0,0.0,0.0,4.422448031204029e-10
2020-04-12,14.423392475485537,32.771577625951934,0.0,8.216422308681718,78.49843402669237,50.595379775286524,72.51621291992072,8.216422256639758,73.53214432051587,120.36164274543422,78.65865121177208,77.32061700760444,11.448979582563696,54.16677042489082,32.811734558422046,105.14009366930854,26.249391139407706,45.93642834436643,19.687040906006764,74.1198743188817,141.68911468767396,92.21185881796907,55.99397426208847,22.792712461788998,187.57502676429783,78.55874866140718,80.79182480268202,29.73011338485076,104.03068136536821,29.73011341658998,125.94427683908046,66.76661952693149,29.730113276454176,39.433220801495004,75.54301516698658,33.42789069681009,69.37026439288039,27.328857274569042,25.464696126710766,23.407111362649253,25.46469616978183,19.098522163347916,25.464696134039766,35.75261399661864,19.098522070662046,8.230335552133232,6.17275126024018,5.143958847604835,6.172751037525557,16.477555248263414,8.230334726733465,0.0,0.012059952198784887,1.1926714878792858e-05,1.260912588244003e-05,3.9417979861957856e-07,8.809337898981108e-07,0.0,0.0,4.661876600212904e-06,4.7235571302446707e-07,9.83871246745e-08,1.8409296091613609e-07,1.3016286923133132e-07,1.033006813149662e-07,1.3181759841386274e-06,2.3785312995992923e-07,3.279811512095605e-08,1.1256382678186217e-07,5.884161920943319e-08,3.165551543477512e-08,7.364412937702293e-08,9.411549767487961e-08,1.5105344818730006e-07,7.568020543150328e-08,5.74542959550592e-08,9.10208138899292e-08,1.0325094366742547e-07,2.2888529705414483e-07,1.3758723582423038e-07,1.3087647454952772e-07,8.414031471070229e-08,1.214040441322097e-07,1.390834507024364e-07,9.135645039885473e-08,0.0,4.875794010100461e-08,1.3868089824008475e-08,9.404336605814864e-09,1.612677342486834e-08,1.58385455070464e-08,1.5191099081269964e-08,9.791674684394172e-09,2.874712911876055e-08,5.441690963949141e-09,1.3717848506362756e-08,0.0,0.0,0.0,0.0,0.0,0.0,0.0,0.0,0.0,0.0,0.0
2020-04-19,0.0,13.233313645781402,0.0,0.0,31.672563381909722,25.36382527586514,67.8333840738409,0.0,63.27725555896747,141.72884996746185,74.2523092203148,31.794071632157586,24.14380828273461,40.15770415652174,10.64266782536293,76.25847642453344,8.51413678959016,14.899735119314009,6.385601029113586,59.236820127898454,74.32383456591256,72.7185950823163,37.47161135088937,38.55695708108706,142.4560214636575,67.49848323642996,151.75458572197022,19.09852221839126,111.4965454905587,19.098522277867886,149.03662592983923,132.75942246439124,19.09852200077404,33.01678435749397,63.506701515869096,50.97445053523812,44.56321860441211,54.559417753476055,39.068585461708935,39.12365188543461,39.06858551584238,29.301439131647818,39.06858547530704,70.64105581512888,29.30143909051558,25.25797865180368,18.943483773645305,18.971016978510814,18.94348337241128,62.01806999938098,25.2579778527198,8.196830841815023,8.215797501507614,3.49419304928387e-05,4.699952397676989e-05,1.2000203745835467e-05,1.638933937304108e-05,4.332427501915577e-07,4.174525950277486e-07,2.617236334407143e-06,0.0,5.944872751394948e-08,1.7201682062376814e-07,1.390353359216376e-07,1.1204310370943906e-07,1.0457367241547032e-06,2.137535374025254e-07,5.033271762613293e-08,1.8463571148196442e-07,8.21729243088591e-08,8.774899463863695e-08,1.3373451814735628e-07,1.9870635813511894e-07,2.9141952213200936e-07,1.5230200740973253e-07,1.0179519050682904e-07,1.6994421807806676e-07,3.267699990474122e-07,4.2607959990084007e-07,2.622271560587215e-07,2.2877679108924773e-07,1.3037501815153302e-07,2.343909727098856e-07,2.62883280116041e-07,2.7716741535722024e-07,7.124438163446981e-08,1.9988220501144177e-07,8.719061377781313e-08,5.381040943854191e-08,1.190772727605821e-07,8.323492428855331e-08,1.1609320980285295e-07,4.67707166058098e-08,1.1794811839649408e-07,6.785418677963651e-08,6.162724583150331e-08,2.1114232353613876e-08,2.65507464311626e-08,2.8509713665153023e-08,2.665397443758773e-08,0.0,0.0,0.0,0.0,0.0,0.0,0.0
2020-04-26,0.0,1.7297673209216118,0.0,0.0,4.12565816838428,5.8721112535410285,35.38699980584724,0.0,56.08241543634644,151.76031149092745,42.97095740243973,4.452115590467997,57.59645361092079,39.04979715238609,0.04002626840128283,45.73005194934791,0.03201233432922539,0.0560374568840949,0.024015983388675815,47.25620933772199,18.582295873748294,57.046601162547645,36.50803587311978,84.48418803430884,69.08096739646011,31.288985025191774,203.19944252201634,6.172750712333653,71.69859336837398,6.1727507458687025,86.06185198427893,181.64494794168291,6.172750553162369,32.47124387716008,43.648452053692225,86.93033320017875,14.403086097696091,57.9373054327599,25.257978073869776,35.13161420765882,25.257978037501257,18.943483342164217,25.257978081195045,74.00025148622214,18.943483652578013,38.99382010350473,29.245366319346566,34.18218450902275,29.245366133672512,113.34145039686247,38.99382153460205,35.29501108436532,25.252730650286704,5.1393333317204296e-05,8.531959581289215e-05,3.510882591808862e-05,4.633437572711483e-05,1.1951799466739366e-05,1.1893504737805272e-05,0.0,0.0,0.0,0.0,0.0,0.0,0.0,0.0,3.7236234480857727e-10,3.7914814606707816e-08,0.0,1.2102578415416995e-07,6.46618616954298e-08,1.6826704958006915e-07,1.8534823683724896e-07,1.1225836028816465e-07,4.262410990231208e-08,9.425749688336645e-08,5.196955801787096e-07,2.3311122254039896e-07,1.589276179735854e-07,8.752968169568418e-08,4.810380482752329e-09,1.4949869974766558e-07,1.538924144700352e-07,4.2298663533478996e-07,2.771150544677905e-07,3.8580505653592214e-07,2.0319483903173397e-07,1.214156817136897e-07,2.9077254415555047e-07,1.817158518790913e-07,2.859926668897215e-07,9.790241796033946e-08,2.2777384179680058e-07,1.8336764229295556e-07,1.2515282827976783e-07,1.4592002887096962e-07,1.4650423933449955e-07,1.3432235189619382e-07,8.657479682798883e-08,2.4690244214432144e-08,2.9070777143855428e-08,3.337641336784368e-08,9.083067502840303e-09,3.022847762921111e-08,0.0,0.0
2020-05-03,0.0,0.0,0.0,0.0,0.0,0.0,8.769431447074309,0.0,29.69427483174813,121.76915311922139,24.301931550735176,0.0,85.8895097335539,22.17065334308246,0.0,17.642840949540528,0.0,0.0,0.0,23.50372704799696,0.0,29.445800938248276,45.04009308292645,125.4646853964718,29.629931715860856,6.179936605165043,126.27565830606731,0.009044093267140242,37.7918024902186,0.009043913418859973,24.662464570522367,113.64628423479928,0.009044638401452866,39.03861003726736,18.96064730504757,122.99103546645127,0.021105844360158704,31.414563800543565,8.215795818906848,38.52009091815556,8.21579544813387,6.161846035360526,8.215795776729976,39.78169396522966,6.161847192518704,25.252711470557536,18.939538473450213,34.09168643655644,18.93953981227489,105.09627151746676,25.252719712099818,70.17295645581399,38.993478430661426,0.0,3.997498399757837e-05,5.145683862069026e-05,6.527559043383332e-05,3.4934233554692074e-05,3.482907321539435e-05,0.0,0.0,0.0,0.0,0.0,0.0,0.0,0.0,0.0,0.0,0.0,0.0,0.0,0.0,0.0,0.0,0.0,0.0,5.0390476148611794e-08,0.0,0.0,0.0,0.0,0.0,0.0,0.0,5.181048988972355e-07,2.4106636491193443e-07,2.1320815009386938e-07,1.192380155535552e-07,3.3225278482967207e-07,1.6557940867561722e-07,3.3168730482515455e-07,8.002031290292585e-08,1.4260596891096643e-07,2.4404959500600163e-07,9.352607286928355e-08,3.510393145870738e-07,3.269191295420583e-07,2.798632328198937e-07,1.4089646962477277e-07,8.677341847943073e-08,1.010373211447578e-07,1.2867178265815588e-07,7.603304408499196e-08,1.6510705352634869e-07,1.0369451283624334e-08,0.0
2020-05-10,0.0,0.0,0.2046883001594441,0.0,0.0,0.0,0.0,0.0,7.5341865902424825,56.68368839313571,21.37304986258735,0.0,93.00078770207267,6.215990131922288,0.0,1.8794828380334805,0.0,0.0,0.0,5.363712226672089,0.0,16.578418121314524,27.86866625288225,115.89913058889479,7.930525883675357,0.0,39.425492648344026,0.0,12.660469983928953,0.0,0.0,35.740145003252465,0.0,28.475801038739462,3.170378535605368,135.4303494082737,0.0,8.26243552368524,0.04588715851006367,46.83562469720225,0.04588618262036075,0.03441381778386266,0.04588699273382667,10.330937276170966,0.03441592267041039,8.228011682188141,6.171017930942002,29.565887395738198,6.171022969339964,51.811072661878434,8.228030399125794,78.95126606199501,25.25361024142811,0.0,0.0,0.0,0.0,5.121664465524312e-05,5.1169096942961705e-05,0.0,0.0,0.0,0.0,0.0,0.0,0.0,0.0,0.0,0.0,0.0,0.0,0.0,0.0,0.0,0.0,0.0,0.0,0.0,0.0,0.0,0.0,0.0,0.0,0.0,0.0,2.8247598025724947e-07,0.0,0.0,0.0,0.0,0.0,0.0,0.0,0.0,0.0,0.0,3.9128400768473706e-07,3.137035385592225e-07,2.2600069452844476e-07,2.3237214715689653e-08,1.5109184998573284e-07,1.743903786748835e-07,2.395047077910788e-07,1.9235760614560346e-07,3.675194649952279e-07,8.367533453926757e-08,4.30949023037161e-08
2020-05-17,0.15205825547053803,0.0,0.15125165762635892,0.0003419542607657423,0.0,0.0,0.0,0.00034221774775756726,0.0,11.302077763225453,11.92419716839048,0.0,68.11927850611359,0.0,0.0,0.0,0.0,0.0,0.0,0.0,0.0,28.5046206644289,8.660370041133266,58.37768998062406,0.0,0.0,0.0,0.0,0.3073246490470247,0.0,0.0,0.0,0.0,22.264363816257738,0.0,96.94086098129986,0.0,0.0,0.0,28.612857580705334,0.0,0.0,0.0,0.0,0.0,0.05491025064186489,0.04118785078537926,15.192447608447633,0.04119707796130685,11.629990848629966,0.054928914060854345,64.01601326633838,8.22863182779302,0.0,0.0,0.0,0.0,0.0,0.0,0.0,0.0,0.0,0.0,0.0,0.0,0.0,0.0,0.0,0.0,0.0,0.0,0.0,0.0,0.0,0.0,0.0,0.0,0.0,0.0,0.0,0.0,0.0,0.0,0.0,0.0,0.0,0.0,0.0,0.0,0.0,0.0,0.0,0.0,0.0,0.0,0.0,0.0,0.0,0.0,0.0,5.3936302484160556e-08,5.803277831378814e-08,1.279157644315322e-07,2.3321730069035196e-07,3.5080219766536685e-07,2.0993118733502524e-07,1.8149089653618648e-07
2020-05-24,0.23384716261029886,0.0,0.05533399506282733,0.07651027542118838,0.0,0.0,0.0,0.07650544140841693,0.0,0.0,3.2656762561700483,0.0,28.93098837332355,0.0,0.0,0.0,0.0,0.0,0.0,0.0,0.0,44.21855299829008,0.0,13.630805507536946,0.0,0.0,0.0,0.0,0.0,0.0,0.0,0.0,0.0,23.08430080238284,0.0,39.80183262097194,0.0,0.0,0.0,8.767569782653936,0.0,0.0,0.0,0.0,0.0,0.0,0.0,3.6721063895751365,0.0,0.0,0.0,30.254762939740942,0.05491112892065005,0.0,0.0,0.0,0.0,0.0,0.0,0.000311569230985633,5.119177102420072e-05,6.279266491190685e-06,7.474604106770962e-06,4.060465829008687e-06,3.1028670082717715e-06,6.659963892165109e-05,1.0254950543079983e-05,0.0,0.0,4.768402961388827e-07,0.0,0.0,0.0,0.0,0.0,0.0,0.0,0.0,0.0,0.0,0.0,0.0,0.0,0.0,0.0,0.0,0.0,0.0,0.0,0.0,0.0,0.0,0.0,0.0,0.0,0.0,0.0,0.0,0.0,0.0,0.0,0.0,0.0,0.0,0.0,2.5118380999167574e-07,3.568872700160774e-07
2020-05-31,0.11994005438986696,0.06949748235403874,0.00430013691618791,0.04959215412167286,0.16638307723404686,0.06251425622683102,0.0,0.049575904877158315,0.0,0.0,0.0,0.16123929427712128,4.519701006386827,0.0,0.09521656370331498,0.0,0.07705856080398518,0.13327266646134778,0.05715012004393307,0.0,0.14451711430485212,29.01049610926676,0.0,0.0,0.0,0.0,0.0,0.0,0.0,0.0,0.0,0.0,0.0,13.461225153137098,0.0,5.543620274120875,0.0,0.0,0.0,0.0,0.0,0.0,0.0,0.0,0.0,0.0,0.0,0.0,0.0,0.0,0.0,6.237559436327145,0.0,0.00012454928611177162,0.0,0.0,0.0,0.0,0.0,0.0012652868940425089,0.0001589486598431651,2.6239162410366925e-05,4.239864020483431e-05,2.805940243267521e-05,2.2081244224288397e-05,0.0003240828327966167,5.5716490057589425e-05,5.384516567586085e-06,1.7169287758954097e-05,1.0555619903849223e-05,8.807405968470998e-07,9.807244178274537e-06,9.470452902035266e-06,1.8230177529970816e-05,8.439827050315948e-06,7.93104235073889e-06,1.160843235889785e-05,0.0,2.933109336295744e-05,1.6958996366413216e-05,1.8408433801629906e-05,1.36755474334903e-05,1.4632874164022567e-05,1.7385347278628462e-05,0.0,0.0,0.0,0.0,0.0,0.0,0.0,0.0,0.0,0.0,0.0,0.0,0.0,0.0,0.0,0.0,0.0,0.0,0.0,0.0,0.0,0.0,2.3951260997816333e-07
2020-06-07,0.02891271259418552,0.06266691328471648,0.0,0.01620043580791541,0.0,0.09527754698967479,0.07101685584982986,0.016173144593727925,0.0,0.0,0.0,0.14741700242471922,0.0,0.0,0.06299593024987467,0.0,0.05221776350308413,0.08817370695925807,0.03788549867137175,0.0,0.2675097326279986,9.573398792013634,0.0,0.0,0.0,0.10764471854797007,0.0,0.055704114623165574,0.0,0.05572045591966351,0.07794040196397473,0.0,0.05564838762396239,3.9050519798113,0.0,0.0,0.12988546519795405,0.0,0.0,0.0,0.0,0.0,0.0,0.0,0.0,0.0,0.0,0.0,0.0,0.0,0.0,0.0,0.0,0.006069173110815605,0.006359377113314973,0.0001390666340835435,0.0003699540600689552,0.0,0.0,0.002434928023184222,0.00024829716586601127,5.1364327675588294e-05,9.576343174505821e-05,6.761074028896023e-05,5.364801531785502e-05,0.0006867576986966111,0.00012377716620843026,1.694960225373705e-05,5.810393263531107e-05,3.045461601882133e-05,1.6136932044915293e-05,3.794071849529968e-05,4.832968526482099e-05,7.772415081308757e-05,3.890533386845062e-05,2.9614282531120357e-05,4.686661031721788e-05,5.240383748793335e-05,0.00011786022808225916,7.081337110552263e-05,6.747667389519491e-05,4.34754265327117e-05,6.246715017079981e-05,7.159589672881336e-05,4.643475929260581e-05,0.0,2.4488025664742555e-05,6.792966883864144e-06,4.6366542617659355e-06,7.799007359891023e-06,7.850862368676368e-06,7.324246022891208e-06,4.880129697496248e-06,1.4437296200254137e-05,2.4746560147043686e-06,6.859024960701761e-06,0.0,0.0,0.0,0.0,0.0,0.0,0.0,0.0,0.0,0.0,0.0
2020-06-14,0.0,0.03168348490964066,0.0,0.00017813399666353206,0.0,0.04837113767067318,0.12811762872762666,0.0001711456201775562,0.05471916605613211,0.0,0.0,0.06211743719054188,0.0,0.019918265487930267,0.020965838172176194,0.10639790681611883,0.018189491434535136,0.029434150163173016,0.012755774636999038,0.06643332443910256,0.14338480370607362,0.14172578434263594,0.0,0.0,0.06714765723262338,0.1281505420027805,0.02254128956486814,0.03672601326178863,0.0,0.03675746018634686,0.28020203332394883,0.012814551071965942,0.03661123999102839,0.0,0.08150584619948208,0.0,0.0857359204508337,0.04998096235652567,0.07314269995753452,0.0,0.07317184804440312,0.054877558485370015,0.07314989234144091,0.06549610665220347,0.05485318617227523,0.0,0.0,0.0,0.0,0.0,0.0,0.0,0.0,0.01822542972103881,0.024387188879012325,0.006121857502286771,0.008373669074250337,0.00013696103080603563,0.00012900092016912473,0.0015049561014398702,1.0485405535955522e-05,3.390561139865282e-05,9.437459821077917e-05,7.558841173255989e-05,6.085463943166833e-05,0.0005811132502606609,0.00011761025704304582,2.6832628779749164e-05,9.814270048968957e-05,4.4003291701551936e-05,4.5832401033069814e-05,7.079362543646157e-05,0.00010461913597895587,0.00015391601082269502,8.031867464303679e-05,5.393812491902635e-05,8.986647181678743e-05,0.00017013318516220994,0.0002253360588137981,0.00013855957064858642,0.00012128677067330049,6.94733314363069e-05,0.00012379251894109472,0.00013894900525839563,0.00014444774350844125,3.580474955894588e-05,0.00010353462280890776,4.4888246197495e-05,2.7734525228973502e-05,6.120004480524854e-05,4.294819882591519e-05,5.9646656540395805e-05,2.4166204647101804e-05,6.109364931925276e-05,3.473475883655597e-05,3.1872774418358544e-05,1.0109340811131706e-05,1.3003294498554555e-05,1.4143582223246384e-05,1.3529813359668864e-05,0.0,0.0,0.0,0.0,0.0,0.0,0.0
2020-06-21,0.0,0.021036359883804152,0.0,0.0,0.0,0.011852256447773919,0.06836719297963699,0.0,0.10576687232050751,0.22821428755357104,0.0,0.009531884705625238,0.0,0.04183077762882518,0.00022642865752986398,0.08749597452106976,0.0,0.0006696190802033501,0.00026228111443152367,0.10606004209850566,0.03711977831146569,0.0,0.006082107469326365,0.0,3.6280838275078393,0.060375190399396955,0.3809117855951053,0.011971595239284996,0.10495900976703079,0.011991030656883893,0.16555744798768085,0.34032221846815797,0.01188195635839103,0.0,0.08307748179361232,0.0,0.02849749175476591,0.10955871023800463,0.048561394290362894,0.0,0.048545103121299414,0.03631414761766448,0.04856566414956811,0.13786507956917468,0.03647017833069052,0.07223632977774883,0.05479935745137063,0.0,0.054688847057334955,0.13836280576787754,0.07293108781254763,0.0,0.0003612523885838992,0.0275175621349566,0.04523857296327792,0.018319437641164824,0.024199098748942473,0.006088993608208426,0.006058742824295383,0.0,0.0,0.0,0.0,0.0,0.0,0.0,0.0,2.2198568968199754e-06,2.6709939496976714e-05,0.0,6.502137321981874e-05,3.8243807402284794e-05,9.349656271017944e-05,0.00010591436155440191,6.317194304436185e-05,2.5760022329862024e-05,5.473928745164301e-05,0.00027718904613289753,0.00013561088194381362,9.131490741132765e-05,5.3695184708141015e-05,7.703713863296115e-06,8.540195315436101e-05,8.87834956188065e-05,0.00022605966211631433,0.00014364883757726833,0.0002040533121426489,0.00010674072564727493,6.385017323238744e-05,0.0001525166826160972,9.566980586889368e-05,0.00014996811152206426,5.162141537953361e-05,0.000120467785037003,9.588837242890511e-05,6.606401760656673e-05,7.497923937272287e-05,7.549535697342159e-05,6.938599349437642e-05,4.5055364462790685e-05,1.245520037274459e-05,1.4674567709271143e-05,1.6740820914634236e-05,4.208884487768051e-06,1.4751014544140086e-05,0.0,0.0
2020-06-28,0.0,0.022605397660429,0.0,0.0,0.022667951990634542,0.0006245429688895057,0.017708950755661295,0.0,0.05651005120293452,0.2283814648734582,0.013677067078234283,0.0,0.0,0.0,0.0,0.03438752317355891,0.0,0.0,0.0,0.06759830389430242,0.0,0.0,0.08445206583039878,0.1410150481392872,10.878578153468263,0.01136200730577985,0.24193650035021624,0.0,0.07066617372546294,0.0,0.048872989522033165,0.21817899431607868,0.0,0.0,0.03700512617320413,0.0,0.0,0.0591614706375621,0.0160954114729913,0.009217598138678652,0.01590561751795929,0.011641953907339533,0.016074285803016498,0.07580206670007303,0.01224226166211805,0.04424191814481316,0.03570553658453463,0.03248161540472464,0.03637802803713966,0.19891327610072954,0.04848587262642576,0.0,0.08694701691050483,0.0,0.02375866200994446,0.027557345454310114,0.03503064652818312,0.018227587738275135,0.01817181471442964,0.0,0.0,0.0,0.0,0.0,0.0,0.0,0.0,0.0,0.0,0.0,0.0,0.0,0.0,0.0,0.0,0.0,0.0,4.663754706344939e-05,0.0,0.0,0.0,0.0,0.0,0.0,1.0814728501787981e-05,0.0002743743906381922,0.0001380632997337001,0.00011651945286992216,6.547917852645141e-05,0.00018053024736064215,9.145835478921067e-05,0.00018004948516222116,4.4607805342704716e-05,8.165476385604535e-05,0.0001313814590485554,5.2571009580768194e-05,0.00018420686698132713,0.000171979508059827,0.0001475858235998073,7.5069069458907e-05,4.507331423482036e-05,5.249554677528571e-05,6.670586005218803e-05,3.8986148355263874e-05,8.508443132985215e-05,4.830150059863599e-06,0.0
2020-07-05,0.0,0.0,0.0,0.0,4.691425405068435,0.005490460274267866,0.0,0.0,0.013043542868817534,0.0,0.03571824048239326,0.0,0.13275977538073724,0.0,0.0,0.0029874348473157277,0.0,0.0,0.0,6.8560016209417995e-06,0.0,0.0,0.053650383322819795,0.21924153114356068,16.72463516528302,0.0,0.07520997463668122,0.0,0.023655732416695188,0.0,0.0,0.0699926803256852,0.0,0.0,0.006737920009089717,0.06503259372291875,0.0,0.010611378027587928,0.0,0.08600336442337529,0.0,0.0,0.0,0.02597881251887711,0.0,0.00639325684877371,0.009649631915429805,0.05322582789285753,0.012263071737671416,0.1001472328938648,0.016234108371347256,0.09631317693482411,0.06484307002268555,0.0,0.0,0.0,0.0,0.027429548117205948,0.02740113938374457,0.0,0.0,0.0,0.0,0.0,0.0,0.0,0.0,0.0,0.0,0.0,0.0,0.0,0.0,0.0,0.0,0.0,0.0,0.0,0.0,0.0,0.0,0.0,0.0,0.0,0.0,0.00016445636728675483,0.0,0.0,0.0,0.0,0.0,0.0,0.0,0.0,0.0,0.0,0.00021296220933214927,0.0001725789767084642,0.00012612564941629956,1.750689849330436e-05,8.02594308612362e-05,9.267128157667232e-05,0.00012686462685196635,0.0001007855009391253,0.00019336436931150782,4.292246481809965e-05,2.1484514633032996e-05
2020-07-12,0.0,0.0,0.0,0.0,14.422694321287159,0.012292249254756938,0.0,0.0,0.0,0.0,0.015731124686133517,0.0,0.12861907170897782,0.0871147985960401,0.0,0.0,0.0,0.0,0.0,0.0,0.0,0.0,0.017280472713887756,0.11254561199775388,10.81978720574096,0.0,0.0,0.0,0.005651211945667222,0.0,0.0,0.0,0.0,0.010651109855580534,0.0,0.0,0.0,0.0,0.0,0.05194658673880991,0.0,0.0,0.0,0.018304021777479796,0.0,0.0,0.0,0.024231234150817415,0.00040920738519125045,0.02340820517226171,0.00027065967448433007,0.11985051867339262,0.0,0.0,0.0,0.0,0.0,0.0,0.0,0.0,0.0,0.0,0.0,0.0,0.0,0.0,0.0,0.0,0.0,0.0,0.0,0.0,0.0,0.0,0.0,0.0,0.0,0.0,0.0,0.0,0.0,0.0,0.0,0.0,0.0,0.0,0.0,0.0,0.0,0.0,0.0,0.0,0.0,0.0,0.0,0.0,0.0,0.0,0.0,0.0,3.351647919359739e-05,3.654092407652384e-05,7.467524067245851e-05,0.00012625356876999364,0.00019307522277706905,0.00011002352532065045,9.393369125664221e-05
2020-07-19,0.0,0.0,0.004371335663020603,0.0,22.285215481373875,0.0,0.0,0.0,0.0,0.0,0.005700257582103394,0.0,0.05605592409858868,0.7137246030400314,0.004002249630769588,0.0,0.09904375649267914,0.0,0.0,0.0,0.0,0.079023681233981,0.0,0.026369964068933206,3.525482969688442,0.0023046006803280642,0.0,0.0030757814965217687,0.015641059582841035,0.0026097807465835527,0.0,0.0,0.0051981915590507384,0.04270190732846737,0.0,0.0,0.0,0.0,0.0,0.016659041604174224,0.0,0.0,0.0,0.033181064589508646,0.0,0.011539955946125632,0.0,0.0041700891506963825,0.0,0.0,0.0,0.054944286573532314,0.0,0.0,0.0,0.0,0.0,0.0,0.0,0.15572513091423884,0.026001032885955188,0.003132169496319747,0.0036337664643091724,0.001931370831013858,0.0014704673018731916,0.032832515869017,0.005006225764011218,0.0,0.0,0.00016525721723896234,0.0,0.0,0.0,0.0,0.0,0.0,0.0,0.0,0.0,0.0,0.0,0.0,0.0,0.0,0.0,0.0,0.0,0.0,0.0,0.0,0.0,0.0,0.0,0.0,0.0,0.0,0.0,0.0,0.0,0.0,0.0,0.0,0.0,0.0,0.0,0.0001360923040410511,0.0001886320850993711
2020-07-26,0.0,0.0,0.025813562724283284,0.004489772894547611,14.466589408872151,0.0,0.0,0.0,0.014506881251306971,0.01603241288680426,0.03152442786069356,0.013720915871173906,0.013673746532259641,1.8005386208568028,0.01790805405152173,0.0,0.4718539787582121,0.008939490883077718,0.02078117430820381,0.0,0.0,0.0603099268470531,0.0,0.0,0.03514012677373764,0.025950956588519352,0.0,0.021771120540324842,0.0371383126531274,0.02378236950814828,0.0,0.0,0.015754633682961993,0.024687687193746356,0.0,0.03158404573051659,0.015402883870168785,0.028039471311525132,0.0003422422455641214,0.01214031729296293,0.004634908450019139,0.010035394111007408,0.000814655141608314,0.017919320014014983,0.0,0.09278010067454276,0.012136548385454667,0.013134434452880574,0.0,0.0,0.0,0.008606906721701169,0.0,0.015085250560994724,0.0,0.0,0.0,0.0,0.0,0.655320967302197,0.08281133680722824,0.013582489897553018,0.021839082416557153,0.014417195750872285,0.011341812383158128,0.16731502723161223,0.02871648319589485,0.002732915250809457,0.008679883297045141,0.005381019886691073,0.0003337179913215706,0.0049177431291570015,0.004649740193420229,0.009080312915791,0.004179039444151768,0.003985995817586379,0.005804333211298693,0.0,0.01467057225939618,0.008459788706872407,0.009262420940365819,0.00693741406435715,0.007287844697728007,0.008680927290706277,0.0,0.0,0.0,0.0,0.0,0.0,0.0,0.0,0.0,0.0,0.0,0.0,0.0,0.0,0.0,0.0,0.0,0.0,0.0,0.0,0.0,0.0,0.00013611698265864384
2020-08-02,0.005573677588490278,0.05879429044496117,0.059631398465152016,0.017596993152284086,4.789737356269075,0.0,0.0,0.0030762424590904717,0.044355643688022035,4.105108613595907,0.10158827849348455,0.06639661926860793,0.008446824333782448,2.1632077905823017,0.03585918846618204,0.024101289297802322,0.9895330105071326,0.03850504069887367,0.06700225219288578,0.22224114829464012,0.0,0.05054041655715686,0.0,0.0,0.0,0.05866219750781827,0.05185017537268308,0.05039120760833248,0.027317567748897334,0.0588547424451289,0.0,0.0051287621586391784,0.021592772758183106,0.007254753035223942,0.0,3.0957794050278427,0.06871435655619153,0.13156861120094732,0.01695810241214103,0.037709234466553235,0.02863858919144879,0.03161583638450403,0.018913441239598365,0.0,0.00592674316779982,0.22337431968012328,0.05586006224304993,0.05770480531613532,0.0,0.0,0.0,0.0007921622820514438,0.0,3.08786869347759,3.190668054572718,0.022394352403307498,0.12665257486264736,0.0,0.0,1.288071682522619,0.13256082861310461,0.027153316251324278,0.05036034625347287,0.0354793821380335,0.028144878147366333,0.3619652957961964,0.06512935226007335,0.008827634130059903,0.030209274216838087,0.015896951874709738,0.008232397468914484,0.019669185623957003,0.024932595804922533,0.040218296968577295,0.020103767480657724,0.015363787794947835,0.024276037045679325,0.026553742364520995,0.061055015425953194,0.036656487336929534,0.03502033418788806,0.022637228942801315,0.03232281403778134,0.03707124050060755,0.023582593145512473,0.0,0.012204675269024443,0.003248502841651611,0.0022419461786748938,0.0036476783922900634,0.0038301180231460827,0.0034072123770498637,0.0024022716989766275,0.007195004980323556,0.001027578020108191,0.003394137002566658,0.0,0.0,0.0,0.0,0.0,0.0,0.0,0.0,0.0,0.0,0.0
2020-08-09,0.02918757376260939,3.016280165913924,0.06165973607702544,0.03347195836857845,0.12796724348307553,0.0,0.009180475639825238,0.02881669202813067,0.05838633666688073,12.619258928782466,0.1659298905724663,0.14099574464513864,0.017550009186596393,0.0,0.026148080713647243,0.07404986909432312,0.8143569702561063,0.07741291647277446,0.10878806395901836,3.1507788263010856,0.0095755173960349,0.0765442772671409,0.0,0.0,0.0,0.05486764411884144,0.12158774298261914,0.05192122076480975,0.0,0.06855658525137553,0.0,0.031861440544642725,0.0,0.0038725561520373333,0.005838131211631135,9.523412307487993,0.1387489049505017,0.26367371222758096,0.04773310705329892,0.06695222747567761,0.06344323111121618,0.04767587993341506,0.051539351014967254,0.0,0.03333246029944075,0.24143532471070317,0.10928455812267439,0.11585857892963736,0.0,0.0,0.0019225110727668574,0.028912817483138245,0.3497028803136211,9.503422869614042,12.645030957246698,3.115217727394835,4.268373535932458,0.021548030901956942,0.017551901343724998,0.863075326419422,0.01538427077814201,0.01930299173765139,0.05181663948352393,0.041133803584059346,0.033084201883514665,0.3229949825154876,0.06475394626943644,0.014316184674411757,0.052205096045535644,0.023585058350732845,0.023934157629245577,0.03749640389242276,0.05509884398439141,0.08132982098878297,0.04237370752384841,0.02859739448997202,0.0475459926027927,0.08854160299891202,0.11923334631581702,0.07324960265202515,0.06434075545034218,0.03704996804222373,0.06541061484638351,0.07347911433115992,0.07525293790702478,0.017910413422026553,0.053582169742134284,0.02307606297270107,0.014275517712981944,0.031402359390010445,0.022133474225100782,0.03059408714138953,0.012472859887940568,0.03161722545364422,0.01774369120313063,0.016467558125055955,0.00476512727822487,0.006306811124805322,0.0069677903416804025,0.006846163855221546,0.0,0.0,0.0,0.0,0.0,0.0,0.0
2020-08-16,0.06416965296267764,9.072997211347749,0.0,0.01985850020109502,0.0,0.01698722398490813,0.04967339112498919,0.0748053054387018,0.0,19.497908220480532,0.023635487087854415,0.12095979339687694,0.0019053895106443954,0.0,0.0,0.11312942073837974,0.0,0.05670433238848389,0.017473685262739916,8.706220751130333,0.03224212649728732,0.08039666829414854,6.813492692152105e-05,0.020010228637569343,0.0,0.0,0.1135909841443555,0.0,0.0,0.0,0.009250355146689551,0.06010248189772864,0.0,0.013615733971653894,0.04227085721661529,14.720093579985022,0.10263718137927401,0.18545234824335888,0.06656340510194277,0.015973360012355057,0.05946909673407649,0.0,0.06902362611111965,0.0,0.07472385305333118,0.0,0.06956648354507623,0.07562007382079886,0.004826354162617319,0.0,0.013333926725226361,0.08020954322025547,2.9142581878942386,14.715777521210132,23.966732472524605,9.553308186070689,12.631087644956926,3.0984392686924824,3.0827509934374855,0.0,0.0,0.0,0.0,0.0,0.0,0.0,0.0,0.0022145306682823914,0.017542904751401266,0.0,0.03488408413728399,0.022293628200136376,0.05172937857086682,0.06003393275674229,0.03534166965286493,0.015269719490074631,0.03144509084653111,0.14768947756488296,0.07801136066775308,0.051996099741249774,0.03218754155233463,0.006727370138075037,0.048394431009202814,0.05072605014775982,0.1206779296210145,0.07441652588475359,0.10784250793674477,0.05603709233549545,0.03355605134916835,0.07994966301062359,0.050335053474639325,0.07859219585038817,0.027199931653763682,0.06366618484268931,0.050113356808861836,0.03484820456110048,0.038495060325405575,0.03887445190442927,0.03581740569283403,0.023433852223840004,0.00627191275919936,0.007394657895245996,0.008378055159178908,0.001918025384969222,0.007159214116214812,0.0,0.0
2020-08-23,0.05952396384796694,13.723297886329352,0.0,0.0,0.0,1.6493494909228803,0.11095305829757271,0.0942987753188916,0.0,12.660468213422583,0.0,0.0,0.0,0.0,0.0,0.0,0.0,0.0,0.0,11.943117910277792,0.055311323237003385,0.0,0.024759596416448388,0.04421967600767437,0.0,0.0,0.0,0.0,0.0,0.0,0.042576466503523466,0.03246074543231543,0.0,0.02646874601778422,0.10347544633272113,9.489053495651754,0.0,0.0,0.0,0.0,0.0,0.0,0.0,0.0,0.07274730098619483,0.0,0.0,0.0,0.030335020113769356,0.0,0.03173137190904494,0.09275976652998201,7.362969218561446,9.599627967219659,23.275723945601783,14.739793527430798,18.774019004308904,9.505321945163285,9.475766733609618,0.0,0.0,0.0,0.0,0.0,0.0,0.0,0.0,0.0,0.0,0.0,0.0,0.0,0.0,0.0,0.0,0.0,0.0,0.0349180531233422,0.0,0.0,0.0,0.0,0.0,0.0,0.014650736920243414,0.14518692870196895,0.07839492128622437,0.06350974903270983,0.03584650475104464,0.09787822541154055,0.05033154814669105,0.09753078358580503,0.024749562863968202,0.04635637318021955,0.0706192564756578,0.02937950856753366,0.096604803041147,0.09041484986225228,0.07777664726553328,0.03995631284749475,0.023399438418516567,0.02725944942014233,0.03456124886914203,0.01997342683050139,0.04381599960752288,0.0022165573234544326,0.0
2020-08-30,0.0,8.57864292603308,0.0,0.0,0.0,5.033595121875635,0.10723358060061161,0.0,0.0,4.208510626309273,0.0,0.0,0.0,0.0,0.0,0.0,0.0,0.0,0.0,4.811326355963816,0.01782341670789893,0.0,0.07606389454576343,0.03533549927685021,0.0,0.0,0.0,0.0,0.0,0.0,0.08904758955725627,0.0,0.0,0.011214992300029638,0.119445602713531,2.660312296851086,0.0,0.0,0.0,0.0,0.0,0.0,0.0,2.719762969600706,0.0,0.0,0.0,0.0,0.0713037048914538,0.004736010929354252,0.03508165365716191,0.0,8.907327137149295,3.0381292961778708,10.620035523436831,9.435740550698,10.364705936344002,14.671158414074217,14.654468957808046,0.0,0.0,0.0,0.0,0.0,0.0,0.0,0.0,0.0,0.0,0.0,0.0,0.0,0.0,0.0,0.0,0.0,0.0,0.0,0.0,0.0,0.0,0.0,0.0,0.0,0.0,0.09464984951429269,0.0,0.0,0.0,0.0,0.0,0.0,0.0,0.0,0.0,0.0,0.11563570356368612,0.09462781154706841,0.07004378410880899,0.011933553565274676,0.042593472826045996,0.04919871172002119,0.0671427910654868,0.0527730615786978,0.10166568635468143,0.021998037026984368,0.010681481416711066
2020-09-06,0.0,4.614285144958684,0.0,0.0,0.0,7.7283177418893985,0.0,0.0,0.0,0.15653425272122973,0.0,0.0,0.0,40.96351423325193,0.0,0.0,0.0,0.0,0.0,1.4381974533574182,0.0,0.0,0.11803884422470598,0.0,0.0,0.0,0.0,0.0,2.3297699274354597,0.0,0.07314928707523642,0.0,0.17716017161500697,0.0,0.0,0.0,0.0,0.0,0.0,0.0,0.0,0.0,0.0,10.892758791400466,0.0,0.0,0.0,0.0,0.07642663168701253,0.025714251325826304,0.0,0.0,1.8154575586694808,0.0,1.0002814083961822,2.415160343472142,0.5477193637836433,9.452189663330218,9.5416557805597,0.0,0.0,0.0,0.0,0.0,0.0,0.0,0.0,0.0,0.0,0.0,0.0,0.0,0.0,0.0,0.0,0.0,0.0,0.0,0.0,0.0,0.0,0.0,0.0,0.0,0.0,0.0,0.0,0.0,0.0,0.0,0.0,0.0,0.0,0.0,0.0,0.0,0.0,0.0,0.0,0.0,0.020275841076150554,0.022314891222922947,0.04307026825311966,0.068212932808154,0.10590511174644948,0.05762495177317419,0.04858372846249439
2020-09-13,0.0,9.017438673750855,2.058794074509202,0.0,2.667247790470549,8.247432379265012,0.0,0.0,0.7229338305429666,0.0,0.0,0.0,0.0,367.7200809810231,2.001219421959112,0.0,48.92450889027079,0.0,0.0,17.169427370754992,0.0,0.0,0.0029787556570636813,0.0,1.7951070346056406,2.430798209461045,0.0,1.7458483582242421,10.456288428801972,1.4798420224316544,0.0,0.0,2.930727070159619,0.0,0.0,0.0,0.0,0.0,0.0,0.0,0.0,0.039252101784706825,0.0,20.783192422776004,0.0,7.043826202248904,0.0,0.0,0.0,0.05787948406294987,0.0,0.0,6.653552266676661,0.0,2.103038940909973,0.0,0.0,2.7941203646385593,3.1513007300411124,77.63851982333759,13.188670130506251,1.5581726426436024,1.756146321495597,0.9095840765612456,0.6894247144496938,16.121894608104952,2.4310601914506296,0.0,0.0,0.042667024210232905,0.0,0.0,0.0,0.0,0.0,0.0,0.0,0.0,0.0,0.0,0.0,0.0,0.0,0.0,0.0,0.0,0.0,0.0,0.0,0.0,0.0,0.0,0.0,0.0,0.0,0.0,0.0,0.0,0.0,0.0,0.0,0.0,0.0,0.0,0.0,0.07358471893604289,0.0996204062571252
2020-09-20,0.0,19.962012098149614,13.279727611059965,2.1988946269034817,18.913831890360846,27.389612778462066,0.0,0.0,8.711454878301808,0.0,16.28672616559292,6.612096770951019,2.188921498081863,969.571406954656,9.169202433787728,0.0,243.6179322611131,4.3178469708962215,10.477683621802765,60.41732639141583,0.0,2.2399628992303393,0.0,0.0,7.24845217571252,13.669276693016805,5.106726013825422,11.211775384171073,21.292988602088013,12.214507788201413,0.0,0.0,8.241690309128462,0.0,0.0,0.0,7.664988475671904,15.27744714736877,0.4211566045174012,6.285507538669511,2.6154353999137814,5.379816574703312,0.6569603058077687,20.7345634642362,0.0,48.799455796394604,6.8551476684292085,7.241266056426622,0.0,0.05685584802897132,0.0,0.0,47.6571256350995,0.0,17.433835436925445,0.0,15.406429014178585,0.0,0.0,339.1771152053286,43.11711157950286,7.026076976039231,11.24031440727127,7.401421024846072,5.820616019425551,86.31731392352745,14.789272017067066,1.3851870191495148,4.381011194997845,2.7399717931907523,0.1084915070672402,2.4604913038912017,2.27269145964805,4.510080563394626,2.0621635437439716,1.999217309185607,2.8950849132608663,0.0,7.319957247017534,4.208769663421363,4.651437244589189,3.5143131449385288,3.6194132304204576,4.323394026509537,0.0,0.0,0.0,0.0,0.0,0.0,0.0,0.0,0.0,0.0,0.0,0.0,0.0,0.0,0.0,0.0,0.0,0.0,0.0,0.0,0.0,0.0,0.07678159745286373
2020-09-27,2.6992633840642495,31.571512130478176,31.34323447623735,9.100241189866386,46.029796859325316,77.25995100792062,0.0,1.3821741240202647,23.559945467469973,0.0,53.78969615368748,34.12746850329524,7.35816454955251,1504.7273495103368,18.871566625038877,12.350134835123873,521.6906462142808,19.824829111537927,34.83439147441695,126.40534091109532,0.0,16.311658175856856,0.0,0.0,13.93140848059614,30.773703051361423,28.509330324092918,26.425806385451644,24.400948996910394,30.806313999415796,0.0,4.136672729013475,11.553982678657558,0.0,0.0,9.438921914491416,35.40541122842308,68.44523409443903,8.667117441297009,21.588479754830168,14.77408644515902,16.49528468919687,9.679464476560486,12.06701519627144,2.8928019075582574,117.67074754171043,29.20300727755705,31.131935314209336,0.0,0.0,0.0,2.3101488914504555,130.0399939727478,0.8164358141272982,43.78663006014949,0.23853387294242323,51.055922714139456,0.0,0.0,714.1528629518956,81.79969003415832,14.34267942359035,26.46510525694244,18.605699562549873,14.755573854304263,190.63722989141607,34.24558557011255,4.594684940123543,15.696347662253748,8.292801294410557,4.195147022077228,10.190132454841386,12.852813777950391,20.796630065672392,10.380953325479613,7.96547092001748,12.566087422175151,13.435367929393914,31.607051162307666,18.962279840049582,18.163713103118514,11.779558203731119,16.713525747169992,19.181910884113957,11.960727394078466,0.0,6.065935744316082,1.5398369633406643,1.0767062947649197,1.6825023088359485,1.8585489278045,1.5608887079794698,1.177640959500914,3.5757966379958686,0.398542176565033,1.673666330820433,0.0,0.0,0.0,0.0,0.0,0.0,0.0,0.0,0.0,0.0,0.0
2020-10-04,15.054775685048305,52.30464012829731,44.853723430983315,17.713190637412218,69.13539574811355,132.30819162193342,4.355427118219528,14.76033912669817,39.7679395263045,0.0,97.31459545474533,74.2357104185605,12.35876452358147,1374.2700569823105,25.81983861510746,38.49789091047066,628.715116072605,40.84547105526298,66.2907308860099,202.93478775255943,4.695239862006895,39.880010359822734,0.0,2.2644042765760943,16.90428927489179,41.226258977317194,64.0066845824692,36.7080213992334,23.77839464881422,51.05632250170945,0.0,16.531140800789483,4.782002555883503,2.154918641352801,2.6829275032199935,32.30129234268542,73.16770690778426,139.25068770198843,24.864423329513563,36.91273614470481,33.317510054804245,33.779570982153835,26.877005261548792,8.820242197040665,17.119892816051333,167.83614637568814,57.80356641540329,61.94025324430334,0.0,0.0,0.9265694731289841,17.56655672132719,204.96323917125363,17.382685916114163,62.93801817598759,15.004401810479791,98.88049068533887,0.0,0.0,935.0200038028518,115.96207276088188,19.23819609271387,39.47130122021455,30.664389177585576,26.278499017527302,239.83851495623884,46.64105379999134,7.629472424847549,27.74120884314887,12.623946755364635,12.490788624830149,19.842993517095774,28.99732962736958,42.940503970646134,22.33801376185593,15.148354186669046,25.134278659276845,46.05017752692326,63.03758936277492,38.69188970038944,34.10038133757088,19.736459441050826,34.53454064011809,38.82527083879239,39.179870973066436,8.937525599947302,27.71134468801054,11.853029415305471,7.3420370249394535,16.098523816151868,11.39780406725032,15.678222671909227,6.432875485900509,16.35136272107831,9.054495578786891,8.50215314635349,2.2193546890942284,3.0397640337683067,3.4188013768549554,3.4588101597799636,0.0,0.0,0.0,0.0,0.0,0.0,0.0
2020-10-11,33.78739070088809,71.53747781763344,54.87233933282493,22.55721521391079,85.86433339408681,147.02189928899594,25.52673203709063,39.16763544106642,57.82184358110752,1.062981248752431,111.27556415806443,92.13814635332048,11.499265244081691,819.1495177657991,41.55116258057015,68.70434909900722,489.93434330565003,51.379861914786844,94.53117193722214,221.6747254025961,16.716554653214754,56.83936871918255,0.0,10.969649131284703,24.59114737432087,43.56709475031699,81.70677413362544,37.41718932582546,40.5325335614864,84.03046245771242,4.411747899545535,31.497374861471677,0.0,8.04431781035341,21.621793983667278,62.77877227816078,91.0533470048968,160.32900346588877,44.025005136049685,33.535130736906375,46.61342130244708,64.67479174538484,45.428855676073766,13.911555766445531,39.26656980405509,176.08889359553277,67.48970326543272,71.10081545628866,2.2672908868103465,0.0,6.7825351543420584,43.43569333110095,222.0595246145796,49.38259388730345,67.78500168646744,43.82970266389819,154.74533352656547,6.44753648731842,0.0,818.1973024607356,124.64932979571722,29.86742873338138,58.71223103853469,44.93064057804167,49.72657302732702,200.2796322288839,46.546895965063875,10.038131702858212,24.914538286860758,7.855751805331903,27.022173831174467,23.954047871783356,39.618928364963935,53.23312898321055,28.001568531215113,17.248002140635975,31.78738867780812,86.93860331233954,69.45570872365897,43.26745310839224,35.62262936619639,18.80689393105678,41.120444814711455,50.96496475418443,75.45761507927169,38.525243766786566,56.94892119507185,29.398704821029646,17.623008633000346,41.88233213847349,26.464183320919446,41.16006744416558,14.321407770798267,33.61987860459591,26.173747877490666,18.36815211800565,19.746512493605707,20.001675479121722,18.475630982489104,12.180504834319342,3.1523152760387125,3.7194034624418495,4.1828676880632845,0.8553493885898571,3.453256093077559,0.0,0.0
2020-10-18,49.50711838679667,95.0086637536322,71.0526101560404,36.96867686981983,88.96360854536199,140.2877622592188,58.34754820864977,64.8203902571759,73.65023292528785,17.48900477036585,82.6169429313704,80.56731934476772,15.348421896309436,386.18755756579094,58.89938400371615,92.844278395955,293.41441037483696,62.89255810209188,110.60806296977451,188.22829690589978,37.73677103936257,56.80520432729721,12.499124066504239,23.197182536690402,35.547774022650394,43.19156888872358,68.49020695866733,32.35441984959537,75.20325289464492,122.1402575251743,21.93950036940892,38.129192764625635,3.808469264357398,14.648895608045024,54.22981732214535,92.89020258159864,107.1591843225655,137.3155742343859,73.12333975393774,30.927767681297816,58.25403715886825,90.32875095767905,65.08242565795135,23.276715600001097,56.63058287343874,158.50172939400596,70.56199640440381,70.32755440059518,15.56462737386821,0.0,16.60536978003263,64.64701067676381,224.08450597971392,81.11307390472128,68.72698971430823,74.71338066153814,186.40706931331505,18.775519174729673,3.1274992656160108,581.4404229165211,116.55442567857943,40.76112263027436,101.32003260371053,43.98690803705095,77.0379416640006,139.64020322281422,39.472934917682885,33.41490175143256,17.610238101028333,2.78280837662435,62.85427465214889,31.12367474572561,47.07058974024918,61.406876964282375,27.172863752536415,28.17949402824814,43.04605540229404,116.08039289100984,55.40226678593282,33.309500990509356,33.344677652345474,28.585221828715845,38.18285856247499,75.83938263445154,115.10811314436171,85.09524827307476,69.18910764404706,45.64074942937664,27.900805236412243,69.62236917428598,35.93814992865137,66.61311962684259,22.006658451731926,37.23677510207959,46.23426681146142,24.668252165921913,50.62959171291056,47.50078710503686,40.95740197943579,21.24500129842548,12.139762159650413,14.145927522857914,17.89469705974293,10.223155974390016,22.546253818564814,0.9976720362062182,0.0
2020-10-25,69.56277114580443,120.09103270332348,85.86580781199373,57.500699909322734,81.90224659371138,129.71046991231754,81.18696461398,89.53877964470922,83.11640726935981,49.261575175247856,55.91351257668437,73.6390908581645,24.382261149799874,207.3865251288946,69.07849124266968,127.03033414869964,153.97689704629852,81.75596904725711,114.04010414644179,155.3998154066206,75.88883028451251,51.16009364434279,39.58092921233877,27.852947987147616,52.29246393160765,50.26793263851696,49.18437179756869,23.415800794655766,113.05249436065655,130.46762389741144,46.95440687668668,58.13573188876916,32.11525635268622,15.322421781054391,78.74303107520633,109.46666699333726,142.33589073999974,113.04189057240993,125.61195816929757,28.62304998989056,63.43637760009442,96.18738036748258,94.94418951682643,44.249019510849806,73.80549329964393,137.36292031480198,63.07326377202382,75.4999684934728,37.43248851911173,2.2092236410095123,27.418503497709906,76.9408755336841,213.36126693021214,92.30895074732592,75.46213772318778,96.06189841650416,168.88842592818764,35.12867764930273,17.120723207841586,403.5259533539359,123.14742609935652,48.804986876168044,171.0723348685894,35.71106983493427,105.15062306569185,113.78387101117897,35.075822587940884,87.38812963425273,27.19203259260766,2.825601146558138,108.63806789281738,35.478760650477525,61.73605196253904,72.87414555783562,29.273857634985845,75.44461156813679,48.376222341836595,138.7618257292561,51.35244832973362,39.83743015874184,35.396852545693115,51.66737792938534,34.80027422624055,101.27800858348198,143.97146304693086,135.20854315301594,72.55720102428586,61.0486777347875,41.05622508763487,104.37229921376931,37.62421753261289,91.133395025403,38.55409024436619,23.15168107778594,70.94030386665366,35.804955430839414,73.76136695485673,68.39526126158792,55.395898534167635,21.569096253518403,22.58314694115783,26.094628391207614,35.50507224480284,27.61506320837413,53.415801624200434,11.263645532513582,5.2945641908149295
2020-11-01,70.4029469769165,120.68607249430998,91.10161282535945,70.94547520819691,73.35513049970683,131.75719040179376,92.94365341830245,97.47931897806254,92.64331513037746,80.39672473756073,70.77028622541428,80.6799159333563,28.646895068197246,210.8160898011431,71.19011964047334,170.59722249674493,95.94005151223219,118.16598833775868,113.81733586153052,149.0522174962603,111.75088971226567,50.814876545650165,71.35096424529088,25.384501605156693,78.13039051934292,74.98077817641177,33.51477505994864,14.934752605403641,128.52046757448522,103.88525420934039,57.44164912335246,83.24421571578984,82.85433300255927,16.26141890344461,77.40977854587189,110.60990907646391,207.48319993317494,94.12558974537484,154.96636634353007,21.35273447836566,54.92430905098191,78.81898440401224,132.83382349505644,63.011572559475844,82.70848593097098,123.09605003002534,51.76247403312098,87.1864724298026,55.596650372924515,13.221746031110822,44.42307034517083,86.87205733982572,200.9398539303846,82.28020024180813,84.81649327672851,106.03988205470648,134.89662207678,57.88685946608181,38.0715760261028,279.1370228642969,152.95033765114422,62.6777262533982,235.20281492774927,36.05589083393978,112.46761690551142,118.75153296763077,49.800263016663,148.81469532929057,52.72009858099273,7.9514681778525835,134.0329730528748,37.942092999081055,88.256385085689,72.33585903052267,43.901454760309456,151.85915569015862,40.823541514999256,171.09701447532495,46.62157653036199,59.2293600622424,26.587710043374216,63.88995167904069,38.44370138168254,120.65464518074039,144.58904665632775,163.56410410445554,73.61286012625149,68.95052027448347,42.399452772556884,136.6664262014235,49.5888718551586,111.35264642329709,57.248077353287165,13.662338151074259,103.7055530037467,63.63590166702879,69.02805125226591,76.49879456419036,67.45317601011281,29.94274038618878,25.913371491445893,27.21667329406638,41.26399411938841,45.119721515193866,74.57930005358013,30.161584986671723,25.11069440700519
2020-11-08,56.71373417018293,113.34722085555228,77.1453421634683,65.72706682450395,74.51521186894156,131.8400504702452,87.39541065500912,81.57370556700202,97.85299963100759,93.39970040145946,103.08751269864322,74.84312771027093,38.3629008797748,259.5751506246086,59.95725960867481,182.76671798549805,89.52883166899198,155.29790390385304,107.11667798841252,166.43960687027118,132.08480561824808,52.50416793285948,90.32093891264158,29.018808268386373,110.65472213690059,86.59256716321077,20.4101947420925,17.673268484497093,107.0639576731557,89.18072815372639,47.92004789483617,91.70278371870221,126.81513827576836,17.27907580701864,62.49213966161969,111.85775526399073,264.72658099635385,88.50434967356675,137.58324109992708,12.15540243259775,39.306289339385685,60.20644217746839,154.3699742521427,58.259721588977655,80.50537400386276,126.69567037430411,46.936436693340696,102.18811681450448,66.44896991876914,30.444653587379538,52.3668130534238,88.95246077309872,189.3640676479161,61.62397337534477,90.879206578717,94.89507693982334,115.14674991119963,62.913417648383316,50.223526420354844,156.50866796200276,168.40599443969535,74.72667978054773,266.8532142354249,49.69681078807807,83.19824348183353,124.98005918480978,67.69683817314704,197.71706102119555,76.2577739002424,12.61857724804964,131.39408536849828,39.469034395676715,110.704863494531,49.29422320357009,55.832344669278186,207.56243110420954,19.090043369185533,185.31056087328986,39.777676515422385,55.44682028378949,19.123634450678367,63.52558343955501,55.40501316997319,115.83046835730028,118.38427062257558,172.4875255778403,76.21360632910222,64.64447909159985,39.16493884274534,159.42788935738514,78.11484786229994,113.27779006603711,68.56077534301555,11.856695216896128,117.29622714074185,89.91551451746139,54.30674660847573,60.674371393809366,86.40385785025583,42.67874159724423,37.020462883023185,24.283506418126464,44.1267185200593,55.04166540539744,75.74584844695177,48.04485319516006,52.57004127881163
2020-11-15,39.54248104307384,85.58227963198186,52.52791247442612,47.961566369096325,75.78261385830552,132.11524525172393,67.67522956638665,52.82952977363685,103.70405926066991,99.15814992380587,104.35600938431914,61.481588753370986,44.41767023721488,211.42832012406623,26.65384420551238,141.38077629673828,100.92948949965489,157.23088043359374,85.89740789410442,169.7484586030667,112.6859133879076,62.342751878771246,86.28724279624694,31.824836629909655,128.59144009885492,72.94763591065073,10.663769923199421,25.519655042735742,83.92350254408777,91.01094986787659,31.748161160334522,93.83350853064093,142.75573512998793,27.110121356449902,41.86695645318233,101.69590623702288,264.16490737875813,87.38147624818053,98.53853754538872,14.18895422114034,25.894133840642045,33.30408164669021,137.23114623250993,39.494500052465405,59.7424346645811,139.49007992440897,43.525950997755146,107.91968071792368,57.03651137993566,39.566486828742356,43.85029709274519,88.23748798378072,171.22318784224132,36.84065652930357,86.33759848073515,71.31832476396679,90.00404110248282,46.4520997067981,52.35684910184548,73.06358030150392,145.00742667374436,61.51632133640018,205.59218315320942,51.679186239444746,55.885878439528376,110.57491534983934,66.76714626420025,210.69336256813114,120.73029062465467,7.805916691520047,110.14659981877232,39.891461239340956,109.56592540171819,40.373492677330304,56.88743378850977,211.749492828607,1.9654281868219197,162.6230666523739,29.429110115312618,42.73425106661966,12.770956058205899,61.71427710708119,61.536615057104385,93.73488962829914,95.49145041088207,171.0385029586697,70.63362126962005,45.83272452596948,48.35461231683755,151.85224344646772,89.85013120505045,123.23807728075604,59.493101583495,6.741602278791696,100.38052010671154,106.88775402656009,29.76280871705799,26.018773403370385,104.73056350247364,32.30743016083517,54.98017424090713,12.033142731458037,52.98767058388236,47.79041460978515,64.75483357319507,57.50032550809008,62.48099977923998
2020-11-22,26.292000293434327,73.87363067029382,32.17196136236843,28.31123823399917,58.53558944402168,142.48636605221301,56.5881942157626,28.103464205149287,132.10413816890355,106.38241310577183,84.75306262486895,55.00910218961074,39.40288592040534,128.4484021628243,3.13555591905302,102.40902431726492,110.35983784311183,116.67473929612098,54.517883462746,141.69213854062406,85.5999864578452,77.87405963944335,66.53799702715926,27.99485696009103,145.5535681505525,53.87120560104758,15.280475361255693,21.242015161053935,70.27580098301343,76.1280443160675,35.40037975661961,94.54180355998626,123.43875343620937,48.58954576664174,19.98863642879808,73.1202980287475,248.25844470527215,89.74582585512218,59.170965936880414,27.903798938406073,20.044313423351202,8.384577635928443,112.2096271965487,15.664034994419648,41.29228535108152,127.13204106086465,37.92549546259902,96.38684366452489,44.799078622729915,35.4118522495609,31.483377464952962,76.49713846259341,156.70166618172246,11.915337405818454,82.98903809405968,38.09917190809053,57.350700504539304,35.19294015475812,50.97674163503605,46.66563278379765,109.7966734855526,27.16926645507513,138.93640828703096,42.64001589593336,46.56505788315049,85.21878477455435,53.17409500326701,168.41432699937644,164.44250962687335,1.267884710575089,90.05451057414899,57.89160475164574,102.38579012574313,46.39302758828907,52.30250618258334,168.4841359811008,0.0,134.95899683102994,30.393890983589547,37.73170292129774,11.666037513817034,49.66939594168662,49.51304245162024,89.09169067153653,85.97383993041015,156.58299873326598,59.87185990651685,25.210469959045405,55.672502653932455,150.46637535301545,82.91255335151584,142.85951062475866,44.29990336745806,3.699562349271809,73.30888031237174,127.02792957566695,11.001576115222276,2.436129971210406,96.57723079735189,10.340074339333924,79.95774270733708,6.663192333179223,78.49608519649185,41.061844978070695,49.9773714586553,58.93232423450055,49.62844450036748
2020-11-29,19.62674551568691,85.09394108151773,34.476221408878814,15.41164862195999,50.662632971322196,138.82682146202376,64.93492454905156,10.670025918713625,165.98975901682218,102.45692922569327,75.36202776974454,53.67260269538089,32.60666932752966,78.16288117215562,6.608806927697142,106.36859928367042,113.80269932723957,73.33748284920979,49.36374765491631,104.31372868424101,76.876797968842,85.0375470324201,57.30379039967809,26.753997703377056,143.62172847773274,57.79158498166852,34.01218169854448,19.02664243292911,71.2613317997568,42.83488236613947,57.772826447265075,91.67176019813876,111.86317056299731,96.53061805818811,19.37999217647393,68.4086693343665,233.72296146328242,82.08667919438923,37.53659167122149,40.65770222602739,28.04818109145374,0.824323924949949,89.55499164329991,4.407680927672841,50.28013844244677,105.10508615877228,25.6770034562558,90.92075322998066,53.99461866481397,42.88585416733039,35.285286671747954,82.56819057422136,162.1332219239595,5.052063926873414,96.1595682143713,12.904722221647447,34.71830704263906,26.513951014778552,47.153707690916974,65.76598726637182,105.81323590788055,2.7067116642750277,116.80743190343897,45.675127777212026,57.943614136480036,64.9141688755537,33.31793476771014,107.65780510426973,140.90504138421971,0.0,105.92861855620183,125.69785290576925,99.4276437338672,53.8768826976371,46.72553274793624,131.6245766350615,0.0,110.99680479370157,38.29580856152213,46.60590004605263,16.14353408270893,36.92461458438049,32.57603513289543,111.10366822374806,92.20260393008326,139.84750801817177,64.49451159220186,22.176466983649824,55.31422217767754,176.3602512261936,69.75740870574191,158.71791242411697,38.41664561541274,5.815745103846971,58.3999591984485,148.90995771850402,20.316275719973405,0.25639395326331216,63.389739678878314,0.0,108.44923534161072,18.490336792012577,142.1022701749463,44.62442904320442,29.710050691191896,51.83388515125833,26.322184365792094
2020-12-06,22.79353003779624,101.23985879468114,71.13865258456839,18.18826619840749,73.23867096734395,122.89924845192851,102.66419665643484,12.603156621044997,163.76985172726293,79.09106577987065,94.25035492167967,60.810263784162245,44.102615489624284,77.25303909645334,42.82879070748976,154.4302702201802,126.5313448634127,64.8325055560357,82.37635997008208,94.44862567276425,71.24212343131322,93.94242439689344,62.935011937518,39.13226620524604,124.60301630476896,90.4699608645423,54.050185199546185,25.681240921868586,85.72634201294525,29.84483251136121,89.98099733732508,86.59379353876224,127.82337290834955,147.91354329804838,43.93012936467145,119.74787248304247,220.09936977994872,93.7804522502147,39.057287459753894,53.74852223099427,42.111642136959574,17.41636859801646,102.27731907297016,10.614101014492139,79.14438880103229,95.05635945601757,22.096174271007207,102.08893817179586,72.43532850104374,64.20199273430032,49.007983808754766,104.97775347014411,216.5885834810576,25.955255383478626,126.45079075840334,20.91381256626299,42.773818767898916,31.025358140888958,49.43720344058527,84.66500315316989,120.26144250919668,0.0,125.14603977334542,53.01286661396249,76.04028182947796,61.57251323853369,24.292439562536742,75.53286208800591,89.8882648560342,0.0,151.28418729638963,254.02743816474413,106.3204898837123,65.50460244564525,44.37651434208871,131.25693307239735,17.5796400519184,96.05097923228351,54.2113094153589,68.23460371742527,40.97677431436632,36.46226658939763,28.703905658962228,142.56117777600997,103.09599808761772,130.58735778578665,89.1916503348898,36.13892157837698,48.77456082304795,212.5487826384313,70.58110889811606,174.5961525094816,46.834786414015426,9.33642102309621,62.19063028922829,163.46373083019378,64.81212055716948,20.804596395094183,54.11777460946197,7.982048735216112,118.91340187783702,43.53719546263382,235.21018517232758,54.08108344681862,28.655867333912347,38.32105602478154,27.48723220693074
2020-12-13,26.585483533676886,142.1023849577167,118.55333996443535,35.19670156537536,147.06576521839355,138.5152811268627,130.53231991654852,36.24122800470749,146.67286750997678,51.39111353972267,133.81705647147078,99.91059255838928,65.48127475768861,98.92302750424668,99.45080715014315,216.07527212187688,168.57132813691283,93.39224115085858,118.02088250569793,130.02775085189694,59.55663513676467,106.15067847499547,95.33223024576843,57.62389131646495,123.5880967089158,113.79064346363182,75.12982417888514,50.589391571053284,105.03298887023743,67.65427278311596,117.35555114443584,85.38932586936129,133.10171138779359,181.28435845104352,73.27958114812198,226.03238117495744,208.8939444756209,151.23531228610804,40.394604326772836,71.29222347080811,66.40898742590272,57.67919925595353,145.7655163306419,28.19474348724394,128.82301319760714,99.64748556916003,29.59406408725537,127.6970063361923,101.85240690273994,103.22889713386891,66.55085653697866,125.42713385554657,304.79380603657853,69.8096189424466,170.38922665984649,70.75842257443789,70.21253464846494,41.2688617984286,74.6750466508713,100.73106026418823,146.46230139584597,14.472887502758986,147.62052930468474,65.07100650995821,76.0566243052458,82.71549229258716,40.50681498359279,72.72618300188684,66.11926844115494,10.683898273867129,175.595409524557,411.03109046784766,104.86689627444711,79.88221884424144,67.46905283234561,174.240813009914,54.742870072903884,90.57559891802944,72.54750922786695,72.84254295066759,91.0792941629636,58.36271084937693,70.41136109397856,177.79324503931934,118.10221464613963,129.69555563835314,114.67073876801967,70.65889152048234,47.78898714476281,202.71061821587995,75.22701906865363,186.75082805938175,74.45657690025249,9.766452973992928,93.38737470459354,165.08626846588945,120.65795709793056,59.33919279742864,66.64752902093002,48.43098472890664,106.64197056222065,63.452620625419456,270.36161874123303,60.513452570007686,44.37167928281256,36.0293210720761,61.891941757028135
2020-12-20,31.893592821550683,191.6558026362896,152.0516590289142,67.48554491298934,259.16409588489364,187.25177949261166,141.097929268527,67.92497499369824,155.10286032686315,47.46584236099897,201.0271299390419,148.0338113006695,86.37526263845987,139.29692614295539,136.45312858708635,275.74360191227606,207.26779554801536,135.28974236744114,140.98440429342725,223.17025223276556,52.33052366898726,120.37370412399987,154.190885719528,89.49636342759422,123.15105105488573,139.60575835036573,85.09519472672653,82.27164812302217,157.41017410551478,157.0702376918897,97.01961040653879,107.72515886624768,108.7492768541429,182.82181305663815,89.41830243018092,367.79853399991987,215.30380855041872,270.4151431119064,48.558895726209904,79.55765569665604,106.05524022468516,102.97794299523329,165.41215530605322,48.96301612673997,170.7782561363391,111.40669783786964,59.112232372961884,178.25163195049717,146.46885663717995,154.77118265650094,82.34627290648848,129.75216496913868,350.37682652511415,101.0180745586702,211.96896293098922,145.90759978005525,97.83433557291934,49.03732313076822,101.48732972923963,118.37660671694667,194.406493839045,50.224873360537515,159.97950116334835,76.56792138321767,59.76497457808679,98.49596304734908,73.06608407080631,90.40670489378041,82.68079822604223,33.51749737568165,178.89350587619128,446.094310190653,94.47530571944935,93.89360829646098,101.4027004599638,237.49032145855372,93.35138397575815,106.91399579531013,75.23382926355161,77.00217673887069,161.9154815402241,82.97776386467584,160.7623537864216,229.67682296622968,128.2194653393239,159.53642992264025,126.54516548897412,125.50522893836691,61.764828766105424,166.54123991907448,75.04462184898834,194.36408751087902,106.68673172373414,22.71206661428762,152.2258764661046,153.43402502667436,136.18917527395354,94.8595900226696,76.12699344958459,117.29022485221913,74.79602184272697,81.9736408548653,210.6610909217764,85.74873805485551,46.68248905091942,38.41841804064387,108.20834745613772
2020-12-27,27.129358248903564,237.99253902505,186.50295627952232,90.04378764370614,369.1651639735916,249.07700988640744,152.11347492038243,87.62187160362113,186.4061719496465,79.06034819117578,281.32025626877714,188.45186429734645,114.98311701563225,199.7716292792337,158.43162926485013,349.8120719154578,241.2781135905591,170.59748103004046,153.75960746002477,323.78502972043975,55.735293811043256,128.37096337373927,222.92604742719888,127.23612420451926,112.00601382522834,186.23563560659173,81.31866821722666,103.8931727102605,277.49190377502856,278.9611658586842,69.2128168033959,133.74347467956395,90.7945085540165,166.40312578124835,98.27511457292408,516.5525756409294,250.670234835138,424.9996174108087,72.15075387762178,71.30601181811565,146.04804911672835,133.01106086917304,157.81081185243326,88.30997060790662,171.27979880055707,124.37675748696233,102.25162840339624,241.4773403752721,178.9292272843453,208.43905138886979,94.21495802934135,139.1235110287075,360.9859788986904,90.76392409239168,230.1899215019254,206.25550494486976,109.40786252950821,59.83907116493562,118.31018736204965,137.74485011946987,232.2887489604374,88.48890331209152,169.0696414763694,79.20022608695047,52.26306058850046,139.66750448172996,109.33993508328781,94.42117895311003,118.39406608548242,59.85999183389904,175.2920863912999,300.31884792981424,77.82164919019255,106.91309789779336,122.10759737778582,278.71415900882903,114.6452671284695,154.98154802245733,72.62423022265696,88.134226010384,212.70292178681552,102.4365236727565,251.70957679611087,279.1250081733042,129.07043695352587,204.13669530884601,147.37893192670572,181.04352347743006,91.35224543497466,170.69745029773782,74.74994811532413,203.7383023476744,107.75967576604747,54.33424605172526,216.950318201895,169.96385859463635,99.94399507233499,120.88773330912812,69.60654850714715,199.13943571151367,54.80064300829298,113.56251057622846,131.82812843375672,147.80990026468638,36.651475216683735,50.40056175622094,149.29264707151762
2021-01-03,22.048643562692387,265.8588210200002,211.23862290565117,95.73142061138942,373.47864230834506,267.0316086217751,147.3498068801449,79.18641973207738,232.88985729161567,108.39657473956143,321.9913249476234,203.7567147646047,144.67868185777655,248.32899639646598,149.61400129468612,406.88650097833704,256.75171500072173,186.43408938358107,152.68742512516508,367.37975806636143,55.90005555116677,140.12002589008497,240.08621818830224,163.72935911639638,94.03976303629372,235.16605497401366,70.29863153212067,94.39350493856949,402.42634222375443,337.1380652188281,66.62422073238336,128.30031867819588,72.76473611666016,148.38405339880134,98.47186257798487,529.2448664659826,282.2507538935772,465.861198996545,84.74220238992332,60.20238133698858,170.5488966584441,140.715394793464,131.02660224896692,127.98190839958708,139.68225212659866,140.18766713935375,152.98399040264763,259.5534383427155,177.4360254624884,260.0434245193521,82.99546602508153,164.93312117294897,333.0033799059574,94.06900908647356,189.1604965535389,185.42410605964253,109.85121052795378,71.534795223016,111.06833822541302,147.650080433588,222.54287278688426,111.38555102324605,150.9189258455026,90.91769483081029,53.470381142129646,207.89198333371198,131.725840248177,82.31169987565833,137.16004092544912,77.55585865163715,142.84493681029028,163.09688171413856,61.878860016985385,124.94479948398065,115.0503540594909,299.3364062324576,139.16618662292473,209.72368456070444,63.545908679244505,110.30193160331227,203.68705360462553,113.46829359364965,256.69091270169946,282.588955452165,129.04296581363846,221.19524047439512,179.90067856973374,195.87519876189285,118.42903776600738,194.16501707633637,69.29794287665999,193.0783628297146,84.11348346291474,88.72340069000032,241.55013840292713,230.0471815711686,53.5654176080959,129.9181352346954,48.94606197373535,266.0421206174928,51.81313500138914,138.12072722615545,73.37373028144911,224.1125455215179,34.514649793873915,52.973189407936346,159.77432148492963
2021-01-10,13.57017294268741,293.74079168913113,185.4867455557509,93.78262786732421,291.1883551911103,232.61946620834647,116.90792175384982,52.07340099160314,289.56773102290424,99.11495769359271,263.8159110276395,175.14083010496392,159.97808688266116,214.60611039728067,125.39063616366374,364.547554754162,218.66615239804875,163.33420514963586,151.37567003829432,340.26180194897324,39.49431359484348,133.21517657275893,214.39124408486947,184.6530321251982,76.27980380085317,235.17642947887106,63.36634677120522,65.20827899364751,404.68839871709986,274.56536878795316,92.37465355830659,105.16855883202098,53.68094404126907,134.80464917700496,82.27162451092006,349.79011886344904,255.02179862117578,329.2480931893682,90.54034757648535,53.66583267854966,165.1868487354003,111.20450247856112,80.6485859780952,156.06781812002515,108.66752340673212,145.41630290891368,177.7831502752844,198.7306246364504,143.6196433139327,218.2525200534913,52.309291584352664,205.77811197632968,283.75789356688466,104.1972538578785,119.73901811587831,125.16916193256299,106.6421144121407,64.22530609593518,83.12628553361746,129.8772879362499,171.6321362838824,124.92165852956653,118.09441497725368,105.82069390621558,43.84564663717379,230.2334419309487,128.75002229624647,58.46402665618266,126.7476380007829,72.93235510239617,106.65692358842733,107.31505477753251,56.15412535027977,125.70345838119445,75.58783108221984,279.52696943624164,164.68114977287038,195.27819959315707,42.28467427679752,115.38605903760835,154.8986490114026,97.36545002115928,216.4046839970327,222.66170014986463,126.47217683612136,199.64689674416283,180.62643074297267,139.4352702357034,124.58340541694865,191.16680454385704,42.80796184525866,137.21246650634578,56.17094413179299,116.66571594389892,189.62045364101036,247.11013500245616,19.091578481187767,92.91869930934894,20.68614482204518,236.75592746858402,45.64897765627511,133.63035231147578,52.52761729012127,252.90817009969896,34.11282042393182,45.551941233219836,139.66120393801768
2021-01-17,10.833588652513205,271.8879959574437,111.46158473602425,71.18801341809296,169.47777149098943,160.999856621401,91.83921565438493,26.627359113851092,280.1258303344483,70.2488648632862,169.84977834471223,122.47512268909463,154.2007011979267,140.20551175760056,105.58235770703787,229.89949125043864,145.26119690421177,111.9154551212776,126.12757711578053,250.90261561855863,16.25789302269839,113.06747277810682,194.03431902150152,197.8713478829606,63.531312677752744,169.52710090202385,57.049857421715046,27.21537230775746,308.7815646736857,136.46558847898132,117.56385832316201,81.75940272149131,37.569406450445776,105.24119146742464,62.2178199772294,176.2725051296209,177.50826187793956,166.42982310738608,79.44842910833968,37.11453625136331,133.90001677835514,63.933767115632975,39.40214859343776,160.4692216947834,90.1373261436937,116.2258308934113,156.24136596466815,108.43194622223143,90.4816743133881,125.01823861688871,19.48473430262674,239.65262864466342,219.72236921242393,99.3810569273059,81.69664031655782,73.96615859281965,121.17238204036539,48.79385836971844,56.97663160717643,107.21140351244195,101.38560520785332,117.58809860518002,66.0087851747757,89.16999810881637,26.35000952328406,166.7220359975454,114.35704103187494,31.730917011458807,95.92475006375328,46.56279307396535,75.72294609797606,93.6324307407052,60.89293979953524,106.58265913965651,29.047122293065513,218.89239991659161,179.95937304379336,113.49426583831294,24.74209074358006,75.19648207902581,93.55881149849296,60.890471220849605,156.16306860930376,160.01175619160946,123.98679789860626,139.6186902887105,155.28130564529468,74.6083005970782,124.54615312211081,142.40570731366273,14.045273699910483,74.319422550361,35.925375319431076,128.02954159485637,106.56354912430065,186.37429107535343,7.4585245173077235,44.709807875973496,3.181506052072527,166.13365386180877,28.086999528568228,111.48783772427079,53.16795468373338,203.71176271651993,40.96995993316047,33.9244756475379,98.61501010177889
2021-01-24,12.298913070416674,175.1502605942244,52.993381264281965,48.870139340027734,73.04734588058511,97.14916576152186,68.15657397382245,8.55488101627758,179.87298393220792,41.499790908798246,85.81694832844939,72.82060430816747,152.6346279312935,85.54555907310677,76.37581940152423,108.52473788553934,82.82946148882259,74.31831926017283,73.83362734212768,149.05236906630867,2.285707065935573,102.46480951155631,179.28725851547878,213.97307994445976,42.14911571869598,101.79535924311844,41.562626850109616,4.015497341266351,190.05228940400616,33.42828732576203,122.09212696897538,59.467235411782866,16.636362228191658,71.61455378361993,47.854267877133424,100.05118024288439,99.38459507093047,69.13284093113336,48.670570094355945,15.193822610578458,114.3274351234667,33.76955671779043,27.86801307102902,153.68481818358447,68.75984475480331,69.2597397735108,110.08362826926938,36.24236817701511,48.20242145544043,43.885656108704936,1.6985298868737777,215.40404473080906,153.20810310482457,71.95971312079847,89.01788161645602,43.051631751700334,138.21358649448155,33.48290380293906,35.53000633039411,125.51136579105983,44.906978421540614,95.7106730875405,31.63725889778721,52.60598731536256,15.143877946584393,84.05653004939967,106.66515808762611,10.101558891411749,71.218211896324,17.280688642559316,47.73900939570759,83.4329125553445,42.2715004475792,70.27955216137374,3.0320102576507875,127.3995224408583,159.8630887671862,37.360591043980286,18.01860323090806,27.560189812903097,53.7896403811718,22.62847201127853,92.77117625203358,124.77353721957536,106.70816133676449,84.72060117699336,120.1684936788421,23.88937413545402,139.3875491434947,78.27513435775944,0.0,30.182793949855405,21.41165796742063,108.4959425758615,50.021723427025464,109.06794103485018,9.14362741850313,11.31393596821553,0.0,111.45044852800116,5.837573440676927,75.94603069642832,41.67653582149543,130.61850937450686,54.84829051439464,17.713204680379764,42.038918812515575
2021-01-31,7.458641752188814,80.93332000714369,25.05298173952458,32.56702915619631,28.28305849580897,67.6017649154243,39.87865362904271,3.4447906671843325,77.7431225600277,18.833345143067937,33.516782558057635,35.43947212764233,150.99186808684433,70.80118181428284,54.04481423661472,60.615935445250216,43.13956985667441,54.68802463759172,25.621066907620328,91.78562946659093,0.0,104.98539025712728,175.19015563471538,209.90801485298556,27.57171863996858,66.78844641927981,26.61379537358238,0.0,133.04695218125985,0.0,92.4569757605677,44.545868463407075,2.9393172406971466,47.33295076490278,31.753271814387706,98.75246927542197,43.10427819513329,26.94743109252222,17.270846228464833,2.1084611265876134,95.88510591937678,30.400957383423545,25.09560403118469,113.08370365324282,50.264651028858864,34.60000999919232,80.04908960897413,7.0161055966045165,27.969441673388587,8.95817688177409,0.0,134.15378818839937,112.0069675704292,37.518885259090375,105.13472856014332,16.52964899549626,110.15099358932193,14.425094420844351,23.945223903284226,215.1331020122854,15.890682014589933,59.535668971311864,9.624466073582093,28.992372988393086,5.512491606197351,42.53004849866563,100.58179896822062,0.0,42.07197907576222,1.4701705408551538,28.301411416605458,60.66986948810266,25.41110257268349,27.801764961943373,0.0,61.057805557192616,104.270207706845,9.878586127036849,8.84119121403545,2.148904810702688,29.537906683633278,1.9422821487115605,42.91041630050597,80.76644689752447,74.69793926666192,73.40760026452284,83.33337071723115,0.0,105.19452553643514,44.40230260908632,0.0,6.084572695179456,8.12142495089657,81.64824981732893,13.940959509880516,64.88945493014505,8.44026622792422,0.0,0.0,71.24065678148484,0.0,42.37584498358941,18.827272212090897,85.35238571333673,45.63313002606039,10.688667124185704,6.296068117117843
2021-02-07,2.266632915361763,19.953985685167545,22.155876544250173,19.874473072733117,16.86111387306583,58.481343112984185,13.826959131135583,9.146326906669978,18.329954805925556,13.889237913092035,6.423387391935154,21.183559189516288,118.82943019395347,91.73896587442366,35.802745036586145,70.76768571145145,33.030492533516394,38.422831347136494,6.4019092101206665,70.89697810062142,0.0,95.00717100625243,120.74528182314802,163.3746851900484,11.97942027639663,66.21713605196643,23.322852149281736,0.0,102.35806921645865,0.0,51.66969658396322,41.09444911775681,0.0,30.490952153327903,12.917872345487899,106.19527345527094,12.694172267445131,11.986723542354499,0.9073887204844625,0.0,54.54864885016079,28.386039590590123,13.364117089257974,57.85081353887093,33.743199928939006,21.473533134885393,65.49843801876628,5.5029924450787036,24.266202559508002,4.737223083337511,0.0,57.61208247643689,84.99261985726481,11.015093051073805,88.30899941211439,1.7175831506081745,73.8809942933714,2.3543291369908053,21.620628317851235,317.0017139107257,17.693980738384404,22.095536047272283,0.0,10.712953167448731,2.964920305624073,21.62172013960052,86.17007664628466,0.0,14.434835220354383,0.0,15.928017987966895,26.17707208197437,16.02997485693049,2.947933536855527,0.0,36.82297733777441,54.36037889394221,25.29030241348711,1.966854892348674,0.0,16.297672614479314,0.0,16.83376176162985,31.841800897359928,38.30512484294948,70.04637348039748,59.11026097571553,0.0,52.89796221480222,44.77062549546924,9.193159021109732,0.24518023766536748,0.7896177766579313,54.59884826520985,0.0,45.54221416310089,9.856828217243443,0.0,0.0,39.91126441442553,0.0,14.514020745779458,3.4965105965295726,50.08615422404892,20.599622211272777,11.643800286974269,0.0
2021-02-14,0.0,0.0,19.97725986929918,14.190634591941564,22.47532089231651,60.5133083611378,0.337346974797587,15.638635926911942,2.2666653466916857,19.515466106215698,0.0,15.29751886705646,67.95755127495019,90.11429520676985,17.329114835128525,112.5799935659698,26.125530571727385,16.93657608187925,12.07488326847519,67.51914110240381,0.0,78.66583347489623,57.53439558311888,120.04888962276809,2.0042223796200305,65.22285374180805,19.418565655370315,0.0,78.65083710646043,0.0,36.844149676383836,25.192501687099664,0.0,24.10157821958797,1.7381364902199357,83.66218908828546,7.723834941702645,10.24763713164893,0.0,0.0,17.07844557599934,14.676350690162547,3.4380001782345593,16.20347169172449,14.618756440550168,9.601650296505987,47.40331090820226,7.33375026772208,13.267351806726198,2.943653514185122,0.0,33.97021995260202,50.592680013517956,0.0,52.89161917513352,0.0,30.903118566607464,0.0,11.943903222976292,276.8364868388114,33.244328650847116,1.8799472956292997,0.0,0.8849733385298882,11.303876012449576,6.8610627205458945,51.92471866496826,0.0,0.2147675378995617,0.0,17.696304452342822,3.827036343632983,13.193207916925012,0.0,0.0,16.759557575155043,32.376065626412206,52.29648173793193,0.0,0.0,12.503265449765774,0.0,10.03809039394789,6.3750779086709946,10.81633929757663,60.237596158178704,44.791540399789575,0.0,26.829502383123312,41.53310720567385,28.734676865009252,5.526805119919025,0.0,31.482619782303132,0.0,33.63205085039212,13.044653854605723,0.0,0.0,13.899283313008546,38.2221287275408,0.5508847433269837,0.0,18.13069245137379,3.0833581612251426,9.676956444073104,0.0
2021-02-21,0.0,0.0,13.556666736833725,6.7942326508019395,21.491001935646878,51.69073501247446,0.0,10.094791476004719,5.742925965399767,18.97247477326005,5.145895758055694,13.602642039783433,25.508572206650502,64.60360752376405,10.101643805854382,145.58619592637558,12.367884049736086,5.86966956344335,22.712821347385876,63.17278497418273,0.0,68.39930466198696,25.99061356714142,82.52029328705557,0.0,38.06039733052932,9.465428630157488,0.0,48.419047020845525,0.0,37.21032844296151,14.39050882831968,0.0,30.050487057147315,0.0,46.19242998967746,13.472734431199491,5.886044557471362,0.0,0.0,0.0,3.2347380906932126,0.0,0.0,5.017200419574211,1.7373099467156794,28.818251983222545,12.381977531992035,3.238802845100626,0.9189796261128588,0.0,42.331964018443614,28.25890300079019,0.0,18.751259839364675,0.0,4.127929592209396,0.0,3.2653777236796953,183.69592835880653,32.15811307182415,0.0,0.0,0.0,27.163058483973064,0.0,17.599302068395183,0.0,0.0,0.0,24.36741030819133,0.0,6.951506556605922,0.0,0.0,6.654747941024508,13.704450641599369,52.097129888576085,0.0,0.0,6.447713484386092,0.0,4.616058187426126,4.1145745221382155,0.0,51.12427104535495,27.08365173553239,0.0,21.527931162345183,30.588273979306525,49.30033414552565,11.643611193106334,0.0,11.330658344067574,0.5434430611547922,22.147762056013562,10.760358703613372,0.0,0.0967946942951413,0.66769814759252,130.28249499187078,0.0,0.0,1.2843986192595607,0.0,10.484615025104217,6.548314291488898
2021-02-28,0.0,0.0,13.472680923890184,1.439508496802539,10.987907318425842,35.83925841596985,0.0,3.683396223906582,4.996856238933798,23.345370242798012,11.496677018790034,7.370594857280838,11.795004212991495,56.905624203754215,10.681728965526467,112.65116573481251,2.5589616617639845,9.519487870594594,15.701656470369501,52.23088323598684,0.08218032445326273,48.794725841163476,11.217571885926793,60.74481596566645,0.0,17.69232757242279,2.0789646283891714,0.1321886825661834,17.92248507451885,0.2850064978769995,30.156292577935417,12.175212024682136,0.0,30.430843181707974,0.0,14.843872802914031,12.065888443976617,1.6753226936155796,0.0,0.0,0.0,0.0,0.0,0.0,6.644444083103405,0.0,19.593099318845894,17.049613276689513,0.0,0.0,0.006579102505375956,33.40040205474396,25.20414971931806,0.0,1.0999094069685431,0.0,0.0,0.0,0.0,107.96098196011368,16.122146995540064,0.0,0.0,0.0,36.67363010097824,0.0,0.08034055705093907,7.984366562914237e-05,0.8966020110377616,0.0,15.598980194254807,1.0044037716171672,1.750330642936299,2.4225801345705706,0.17671978027376128,9.666761212218024,2.1182214443283707,47.58224617350997,0.0,0.0,1.5677663720849104,0.0,0.5931090841520108,9.444415564896602,0.0,37.096921377575704,15.241908040310438,0.0,30.540502390448836,22.46181998160581,72.57796171639208,8.144092664114575,0.0,0.7646170468950196,7.78119142337778,9.079155494344826,10.894941076382127,0.08308915356263799,0.09315652865304379,0.0,216.67062578685415,0.0,0.0,0.0,0.7697221297825091,12.887528520930218,12.685476955848415
2021-03-07,0.0,0.0,16.71806760570722,0.0,2.6334228121342846,29.894526102737178,2.1211630875215284,3.7588644379775893,2.041102715704961,36.25379720511125,8.128724581694897,1.9367063315978665,18.349314105941,54.58270147091549,6.859745908222746,57.52356795963067,0.0,19.69972153053702,5.437032045512442,41.51167390461994,0.07523636099750299,20.84146046172944,10.69585677133885,39.73743553497,0.0,11.625345896027373,0.0,0.12416577592687146,1.4141153718505313,0.49770277271294505,14.109662769003393,6.634248836520529,0.0,21.985552034833976,0.0,3.74433759787385,11.652593854900084,0.0,2.687955438558572,0.0821665399657539,0.0,1.4998325344420598,0.0,0.0,10.873399097742436,0.0,9.010336450106523,10.371889233631645,0.0,0.0,0.0,20.92622414422735,20.877615079783375,0.0,0.0,0.0,0.4209303268510184,0.0,0.0,67.89507335137569,3.4346225439095877,0.0,0.012790707221728372,0.0,31.253762676363202,0.0,0.0,0.09384493232527957,7.762333273393677,0.11462193539078541,5.024093946101514,10.04841461575301,0.0,11.064726512564015,0.1443025761436434,15.692482527703056,0.0,34.575018034387384,0.0,0.18837078880371178,0.0,0.1496062189370426,0.0,7.012611306884375,0.0,34.31039218341907,4.207386303710553,0.21936136143017398,33.766259771899286,25.536878046128273,86.73800775157682,2.8487414340496082,0.0,0.0,13.044939890322812,1.25714190423438,12.927475182000709,0.15966033705744115,0.0402019784050818,0.0,169.41503262956144,0.0,0.0,0.0,11.138913694666746,7.9140464893920095,8.606762380237644
2021-03-14,0.0030860951127850648,0.17664326985441633,10.355338559109184,0.0,0.0,22.33438968689466,8.383841195313531,10.52880018317564,0.27878186824777185,57.49879544642394,2.8690844422080453,0.0,25.05560401743863,36.27277187477672,4.837327167308753,16.07901641842177,0.0,20.6455587597183,0.2421383289736495,28.875841485642745,0.03162618301850749,3.312843739784796,15.405753873583485,15.981659477940392,0.0,5.585723684153339,0.0,0.05291340682129061,0.0,0.26334493662831127,2.845102656269941,1.757188716609468,0.0,24.684332770052713,0.0,10.80469085574485,13.146038134445586,0.0,8.546421138946181,2.814150689611914,0.0,7.758538300114521,0.0,0.0,6.793216500996739,0.0,1.7466449293049142,3.0904016109845567,2.1557834451235327,0.0,0.0,8.334060163095327,10.017992531184229,3.684098201156725,0.0,0.10079509728002864,9.841730133503395,0.06364835276585108,0.0,58.125118075798284,0.0,0.0,0.09777094266041729,0.0,14.93268152085265,0.0,1.3786254495278063,0.06088634864737296,12.959089935830395,0.08898062475451984,0.0,17.123199421867433,0.0,17.485936117358428,0.056661322189126104,10.486339308158259,0.0,17.42612753638906,0.0241203119782218,0.1437507293321214,0.0,0.11635602578503877,0.0,2.5742933292208106,3.1695328861759946,33.79727464002729,0.0,0.14314041307832154,25.073530220484948,28.370139685132635,73.36337323438039,0.1442019164470673,0.05106570941045068,0.0,8.58140961377214,0.0,7.853469015105537,0.08622505511510149,0.006592404427438957,0.0,80.06033045596135,0.0,0.07102960182472104,0.0,24.037289277443584,2.438657922109536,2.930503012237725
2021-03-21,0.023113353893075887,3.1325247962491476,3.216377528907816,0.0,0.0,9.976540431885006,13.129286835385578,16.88889398471049,0.0,58.19434390332134,0.15797098215617827,0.0,28.680454360319864,13.847578585429638,8.409928668051796,0.0,0.0,11.01787125313752,0.0,25.395715399588678,0.004753738567094974,0.0,10.086971742761275,2.0419408816800972,0.05166308822309937,1.188206942772893,0.0,0.00831224065036921,0.0,0.06658390422817821,0.0,0.0,0.007039156627387345,36.62144740700633,0.0677385484741049,23.779320545176432,7.837166586916491,0.0,13.115977908577552,8.517742310451382,0.009175589501053728,12.853676465416932,0.0,0.06399782990730894,2.5935664199376065,0.0,0.0,1.6509647724753116,8.327673670803021,0.0,0.0,1.0220336221955393,2.125269324554235,11.437325670728397,0.0,0.08223486860013053,17.1427832613814,0.06373965055104762,0.0,44.41698887178917,0.0,0.14693939354279842,0.06078147049414819,0.07199687099280688,3.139826918905877,2.838805705023327,10.517575975849812,0.019844892629673802,8.531492746795024,0.033724608397730615,0.0,11.337518814341465,0.0,11.359880840014286,0.006522917973745115,3.5164457609095807,0.0,10.770256393944688,0.03415157062636771,0.05381299883671675,0.0,0.04415884706376908,2.6294879646077454,0.20063801594479605,11.352934597758594,27.333996514500576,5.916992492485155,0.04691901880258893,17.32753939202807,22.9400951147314,35.258062103277844,0.0,0.04091317924092943,0.0,2.8350649292310233,0.0,2.3871861987937133,0.022492718644886184,0.0,0.0,18.775584733979702,0.11596671458187596,0.07921652641884604,0.0,25.85715664985838,0.0,0.09760726050394092
2021-03-28,0.014443162947992748,8.906957391175121,0.0,0.0,0.0,1.7809577250451127,8.565272323879903,11.155207690055372,0.0,31.12136856663431,0.0,0.0,16.95517719119413,1.3540784396584706,12.718260524341815,0.0,0.0,2.8192404168234733,0.0,24.31871403307402,0.0,0.0,3.322202371308718,0.0,0.05302617297251597,0.0,0.0,0.0,0.0,0.0,0.0,0.0,2.744738826998753,33.221742001490874,0.06115712326530769,23.848120354421656,2.331779605049764,0.0,8.522106406252028,13.217667531067264,0.16670850012229807,8.51783100286287,0.0,0.19474285090978227,4.637494434552909,0.03856849118829453,0.0,6.403277969319699,13.233112413231275,0.0007494646124662213,2.733185017690563,0.0,0.0,17.6904718568061,0.0,0.0323433254604179,11.466729561549547,0.028138745702455142,0.0,20.222313735055344,2.0204802284865604,0.11488147524622697,0.018971303446329232,0.055949149607446555,0.0,8.814847863888339,17.5785364630619,5.2559383835572304e-05,2.824949347190444,0.0031617548829377074,0.0,3.774895082609529,0.0,3.712589060533455,0.0,0.07345582408266119,0.0,11.590751289122998,0.017193283906251654,0.004670221984740571,0.0,0.004172809182673319,8.706269435882344,0.0,17.744453770191242,13.044169314987492,28.395707355701475,0.00029651839827277637,7.7687551531064125,10.735851575689468,7.474798709761284,0.0,0.015896571095064895,0.0,0.03229268687747489,0.0,0.0,0.0,0.0,0.1087811097549052,0.0,0.08189229756829011,0.03668307914952501,0.1300469540497198,14.148961164526018,0.0,0.0
2021-04-04,0.004623592086757077,13.613536846901841,0.0,0.02169008623149694,0.0,0.0,2.86633809508817,3.7783516381096804,0.0,8.155854965052269,0.0,0.0,5.094601570859467,0.0,8.437540592437626,0.0,0.04129907539667547,0.0,0.0,24.642345937891623,0.0,0.0,0.036288058789088855,0.0,0.024122712715434525,0.0,0.028045963664217386,0.0,0.7308567008348935,0.0,0.0,0.0,8.610551724886893,16.589874287187943,0.02606594861961322,12.526238401793297,0.0,0.006138370246424289,2.8405108292251384,8.74628894775481,0.10883805687685365,2.8941504271379705,0.6272550613660732,0.1156680381671288,13.836801971005494,0.04248105875059029,0.0,13.67265578518213,8.79748300599291,0.009267274057749905,8.609010637044317,0.0,0.0,11.68889939812321,0.14474509289926898,0.00379144884621808,3.930755144372108,0.00497918298139469,0.6429802311360375,3.877762725690146,8.437594698413369,0.04472303045989706,0.0,0.021687176962379394,0.0,13.615556860110331,11.81254438374165,0.0,0.040698143702618775,0.0,0.0,0.06791918675644536,0.013993285324003513,0.021688135541690204,0.0,0.0,0.06695459730829612,7.179816137003362,0.0040747762007013275,0.0,0.014625238952574426,0.0,13.588455534339783,0.0,11.742954031510228,2.7848248241600815,57.8194287022678,0.0,1.4328679682051233,2.1965900455015115,0.0,0.0,0.0017568489194451054,0.08450974678262227,0.0,0.0,0.0,0.0,0.0,0.07945538578313123,0.0,0.02946395498621839,0.007326094904461715,0.09962458443232777,3.8372066914884,0.0,0.0
2021-04-11,0.0,8.60571948706927,0.0,0.027855924233839056,0.027703859040809922,0.0,0.0,0.0,0.0,0.0,0.0,0.013631090043737472,0.0,0.0,2.6461922224672154,0.0,0.05128442015065806,0.0,0.0,13.535890298390251,0.0,0.0,0.0,0.0,0.003942571638699097,0.0,0.0381175992900178,0.0,12.693451396470937,0.0,0.0,0.0,13.620954078569039,3.417040683850775,0.003421179383163322,2.8487571588844713,0.0,0.020112136214910502,0.0,2.735627144523789,0.033557340796613086,0.004328860259595403,9.43155103034209,0.03184301340940165,22.358203923169555,0.018858833070858016,0.0,17.883563028326282,2.7651005335756116,0.005780216056064347,13.622477469910905,0.0,0.0,3.6503872538385598,0.10385042085679323,0.0,0.028043068336559077,0.0,9.448249020077652,0.0,13.667483506920192,0.003706840132710715,0.0,0.0017452222677331788,0.0,8.62703874060228,3.754015101951297,0.0,0.0,0.0,0.0019294037016308054,0.0,0.025895556402278808,0.0,0.0,0.0,0.06356045672765763,2.084718764138462,0.0,0.0,0.024541880152738754,0.0,8.633262548642033,0.0,3.6733175266878115,0.0,68.82957646965934,0.0,0.0,0.0,0.0,0.0,0.0,0.061814119843493304,0.0,0.04962229574417187,0.0,0.0,0.0,0.027307017022898224,0.0,0.0010926890524030704,0.0,0.0356186021794885,0.0,0.0,0.0
2021-04-18,0.0,0.5785889021877558,0.0,0.010823112471088556,0.06799432080671275,0.0,0.0,0.0,0.028980955245790033,0.0,0.058783903543752805,0.045218486847174034,0.0,0.0,0.0,0.5520083271094678,0.019379463946790458,0.0,0.09331355853733177,0.0,0.0003807972170139905,0.28090867854416196,0.0,0.22438174633346794,0.0,0.036335118510494556,0.015463934037325511,0.0006052827121614449,35.25973996386236,0.0007760385862742848,0.17078115627242743,0.06679407057539141,9.423780498376905,0.0,0.0,0.0,0.0,0.011623147251867633,0.0,0.0,0.0,0.0,26.35118369669303,0.0,15.671577513372053,0.0,0.11132070063831173,27.049431805755546,0.0,0.0003392416161450811,9.425463307453244,0.12080508904292293,0.06567959854050452,0.0,0.014797257440047692,0.0,0.0,0.0,26.356582221599936,0.0,9.525533908812116,0.0,0.0,0.0,0.10039076952376268,0.5927043743774619,0.0,0.0,0.0,0.0,0.09357134578346638,0.0,0.012529575351993756,0.0,0.0008590780894783199,0.0,0.017710480786041902,0.0,0.0,0.0,0.011329220525887357,0.0,0.6079015703135103,0.047520084885498755,0.0,0.0,76.16404315896551,0.0,0.0,0.0,0.0,0.04833366826334307,0.0,0.009465985177396398,0.0,0.058296046848756486,0.0,0.0001927470880614437,0.0005353485690220147,0.0,0.366022511357364,0.0,0.0,0.0,0.0,0.06865107725803143,0.06569613841809681
